-- MySQL dump 10.13  Distrib 8.0.41, for Win64 (x86_64)
--
-- Host: localhost    Database: gamingstore_db
-- ------------------------------------------------------
-- Server version	8.0.41

/*!40101 SET @OLD_CHARACTER_SET_CLIENT=@@CHARACTER_SET_CLIENT */;
/*!40101 SET @OLD_CHARACTER_SET_RESULTS=@@CHARACTER_SET_RESULTS */;
/*!40101 SET @OLD_COLLATION_CONNECTION=@@COLLATION_CONNECTION */;
/*!50503 SET NAMES utf8mb4 */;
/*!40103 SET @OLD_TIME_ZONE=@@TIME_ZONE */;
/*!40103 SET TIME_ZONE='+00:00' */;
/*!40014 SET @OLD_UNIQUE_CHECKS=@@UNIQUE_CHECKS, UNIQUE_CHECKS=0 */;
/*!40014 SET @OLD_FOREIGN_KEY_CHECKS=@@FOREIGN_KEY_CHECKS, FOREIGN_KEY_CHECKS=0 */;
/*!40101 SET @OLD_SQL_MODE=@@SQL_MODE, SQL_MODE='NO_AUTO_VALUE_ON_ZERO' */;
/*!40111 SET @OLD_SQL_NOTES=@@SQL_NOTES, SQL_NOTES=0 */;

--
-- Table structure for table `auth_group`
--

DROP TABLE IF EXISTS `auth_group`;
/*!40101 SET @saved_cs_client     = @@character_set_client */;
/*!50503 SET character_set_client = utf8mb4 */;
CREATE TABLE `auth_group` (
  `id` int NOT NULL AUTO_INCREMENT,
  `name` varchar(150) NOT NULL,
  PRIMARY KEY (`id`),
  UNIQUE KEY `name` (`name`)
) ENGINE=InnoDB DEFAULT CHARSET=utf8mb4 COLLATE=utf8mb4_0900_ai_ci;
/*!40101 SET character_set_client = @saved_cs_client */;

--
-- Dumping data for table `auth_group`
--

LOCK TABLES `auth_group` WRITE;
/*!40000 ALTER TABLE `auth_group` DISABLE KEYS */;
/*!40000 ALTER TABLE `auth_group` ENABLE KEYS */;
UNLOCK TABLES;

--
-- Table structure for table `auth_group_permissions`
--

DROP TABLE IF EXISTS `auth_group_permissions`;
/*!40101 SET @saved_cs_client     = @@character_set_client */;
/*!50503 SET character_set_client = utf8mb4 */;
CREATE TABLE `auth_group_permissions` (
  `id` bigint NOT NULL AUTO_INCREMENT,
  `group_id` int NOT NULL,
  `permission_id` int NOT NULL,
  PRIMARY KEY (`id`),
  UNIQUE KEY `auth_group_permissions_group_id_permission_id_0cd325b0_uniq` (`group_id`,`permission_id`),
  KEY `auth_group_permissio_permission_id_84c5c92e_fk_auth_perm` (`permission_id`),
  CONSTRAINT `auth_group_permissio_permission_id_84c5c92e_fk_auth_perm` FOREIGN KEY (`permission_id`) REFERENCES `auth_permission` (`id`),
  CONSTRAINT `auth_group_permissions_group_id_b120cbf9_fk_auth_group_id` FOREIGN KEY (`group_id`) REFERENCES `auth_group` (`id`)
) ENGINE=InnoDB DEFAULT CHARSET=utf8mb4 COLLATE=utf8mb4_0900_ai_ci;
/*!40101 SET character_set_client = @saved_cs_client */;

--
-- Dumping data for table `auth_group_permissions`
--

LOCK TABLES `auth_group_permissions` WRITE;
/*!40000 ALTER TABLE `auth_group_permissions` DISABLE KEYS */;
/*!40000 ALTER TABLE `auth_group_permissions` ENABLE KEYS */;
UNLOCK TABLES;

--
-- Table structure for table `auth_permission`
--

DROP TABLE IF EXISTS `auth_permission`;
/*!40101 SET @saved_cs_client     = @@character_set_client */;
/*!50503 SET character_set_client = utf8mb4 */;
CREATE TABLE `auth_permission` (
  `id` int NOT NULL AUTO_INCREMENT,
  `name` varchar(255) NOT NULL,
  `content_type_id` int NOT NULL,
  `codename` varchar(100) NOT NULL,
  PRIMARY KEY (`id`),
  UNIQUE KEY `auth_permission_content_type_id_codename_01ab375a_uniq` (`content_type_id`,`codename`),
  CONSTRAINT `auth_permission_content_type_id_2f476e4b_fk_django_co` FOREIGN KEY (`content_type_id`) REFERENCES `django_content_type` (`id`)
) ENGINE=InnoDB AUTO_INCREMENT=49 DEFAULT CHARSET=utf8mb4 COLLATE=utf8mb4_0900_ai_ci;
/*!40101 SET character_set_client = @saved_cs_client */;

--
-- Dumping data for table `auth_permission`
--

LOCK TABLES `auth_permission` WRITE;
/*!40000 ALTER TABLE `auth_permission` DISABLE KEYS */;
INSERT INTO `auth_permission` VALUES (1,'Can add log entry',1,'add_logentry'),(2,'Can change log entry',1,'change_logentry'),(3,'Can delete log entry',1,'delete_logentry'),(4,'Can view log entry',1,'view_logentry'),(5,'Can add permission',2,'add_permission'),(6,'Can change permission',2,'change_permission'),(7,'Can delete permission',2,'delete_permission'),(8,'Can view permission',2,'view_permission'),(9,'Can add group',3,'add_group'),(10,'Can change group',3,'change_group'),(11,'Can delete group',3,'delete_group'),(12,'Can view group',3,'view_group'),(13,'Can add user',4,'add_user'),(14,'Can change user',4,'change_user'),(15,'Can delete user',4,'delete_user'),(16,'Can view user',4,'view_user'),(17,'Can add content type',5,'add_contenttype'),(18,'Can change content type',5,'change_contenttype'),(19,'Can delete content type',5,'delete_contenttype'),(20,'Can view content type',5,'view_contenttype'),(21,'Can add session',6,'add_session'),(22,'Can change session',6,'change_session'),(23,'Can delete session',6,'delete_session'),(24,'Can view session',6,'view_session'),(25,'Can add order',7,'add_order'),(26,'Can change order',7,'change_order'),(27,'Can delete order',7,'delete_order'),(28,'Can view order',7,'view_order'),(29,'Can add product',8,'add_product'),(30,'Can change product',8,'change_product'),(31,'Can delete product',8,'delete_product'),(32,'Can view product',8,'view_product'),(33,'Can add review',9,'add_review'),(34,'Can change review',9,'change_review'),(35,'Can delete review',9,'delete_review'),(36,'Can view review',9,'view_review'),(37,'Can add product detail',10,'add_productdetail'),(38,'Can change product detail',10,'change_productdetail'),(39,'Can delete product detail',10,'delete_productdetail'),(40,'Can view product detail',10,'view_productdetail'),(41,'Can add faq',11,'add_faq'),(42,'Can change faq',11,'change_faq'),(43,'Can delete faq',11,'delete_faq'),(44,'Can view faq',11,'view_faq'),(45,'Can add product image',12,'add_productimage'),(46,'Can change product image',12,'change_productimage'),(47,'Can delete product image',12,'delete_productimage'),(48,'Can view product image',12,'view_productimage');
/*!40000 ALTER TABLE `auth_permission` ENABLE KEYS */;
UNLOCK TABLES;

--
-- Table structure for table `auth_user`
--

DROP TABLE IF EXISTS `auth_user`;
/*!40101 SET @saved_cs_client     = @@character_set_client */;
/*!50503 SET character_set_client = utf8mb4 */;
CREATE TABLE `auth_user` (
  `id` int NOT NULL AUTO_INCREMENT,
  `password` varchar(128) NOT NULL,
  `last_login` datetime(6) DEFAULT NULL,
  `is_superuser` tinyint(1) NOT NULL,
  `username` varchar(150) NOT NULL,
  `first_name` varchar(150) NOT NULL,
  `last_name` varchar(150) NOT NULL,
  `email` varchar(254) NOT NULL,
  `is_staff` tinyint(1) NOT NULL,
  `is_active` tinyint(1) NOT NULL,
  `date_joined` datetime(6) NOT NULL,
  PRIMARY KEY (`id`),
  UNIQUE KEY `username` (`username`)
) ENGINE=InnoDB AUTO_INCREMENT=2 DEFAULT CHARSET=utf8mb4 COLLATE=utf8mb4_0900_ai_ci;
/*!40101 SET character_set_client = @saved_cs_client */;

--
-- Dumping data for table `auth_user`
--

LOCK TABLES `auth_user` WRITE;
/*!40000 ALTER TABLE `auth_user` DISABLE KEYS */;
INSERT INTO `auth_user` VALUES (1,'pbkdf2_sha256$870000$ArnE8N6856pS9TwawJePt1$fRM52KA6olRWv60zcM6qj5sldX1+j2Dr+Una1AOatos=','2025-03-31 19:47:50.123330',1,'sarvesh','','','sarveshcpr5@gmail.com',1,1,'2025-03-31 08:25:24.169634');
/*!40000 ALTER TABLE `auth_user` ENABLE KEYS */;
UNLOCK TABLES;

--
-- Table structure for table `auth_user_groups`
--

DROP TABLE IF EXISTS `auth_user_groups`;
/*!40101 SET @saved_cs_client     = @@character_set_client */;
/*!50503 SET character_set_client = utf8mb4 */;
CREATE TABLE `auth_user_groups` (
  `id` bigint NOT NULL AUTO_INCREMENT,
  `user_id` int NOT NULL,
  `group_id` int NOT NULL,
  PRIMARY KEY (`id`),
  UNIQUE KEY `auth_user_groups_user_id_group_id_94350c0c_uniq` (`user_id`,`group_id`),
  KEY `auth_user_groups_group_id_97559544_fk_auth_group_id` (`group_id`),
  CONSTRAINT `auth_user_groups_group_id_97559544_fk_auth_group_id` FOREIGN KEY (`group_id`) REFERENCES `auth_group` (`id`),
  CONSTRAINT `auth_user_groups_user_id_6a12ed8b_fk_auth_user_id` FOREIGN KEY (`user_id`) REFERENCES `auth_user` (`id`)
) ENGINE=InnoDB DEFAULT CHARSET=utf8mb4 COLLATE=utf8mb4_0900_ai_ci;
/*!40101 SET character_set_client = @saved_cs_client */;

--
-- Dumping data for table `auth_user_groups`
--

LOCK TABLES `auth_user_groups` WRITE;
/*!40000 ALTER TABLE `auth_user_groups` DISABLE KEYS */;
/*!40000 ALTER TABLE `auth_user_groups` ENABLE KEYS */;
UNLOCK TABLES;

--
-- Table structure for table `auth_user_user_permissions`
--

DROP TABLE IF EXISTS `auth_user_user_permissions`;
/*!40101 SET @saved_cs_client     = @@character_set_client */;
/*!50503 SET character_set_client = utf8mb4 */;
CREATE TABLE `auth_user_user_permissions` (
  `id` bigint NOT NULL AUTO_INCREMENT,
  `user_id` int NOT NULL,
  `permission_id` int NOT NULL,
  PRIMARY KEY (`id`),
  UNIQUE KEY `auth_user_user_permissions_user_id_permission_id_14a6b632_uniq` (`user_id`,`permission_id`),
  KEY `auth_user_user_permi_permission_id_1fbb5f2c_fk_auth_perm` (`permission_id`),
  CONSTRAINT `auth_user_user_permi_permission_id_1fbb5f2c_fk_auth_perm` FOREIGN KEY (`permission_id`) REFERENCES `auth_permission` (`id`),
  CONSTRAINT `auth_user_user_permissions_user_id_a95ead1b_fk_auth_user_id` FOREIGN KEY (`user_id`) REFERENCES `auth_user` (`id`)
) ENGINE=InnoDB DEFAULT CHARSET=utf8mb4 COLLATE=utf8mb4_0900_ai_ci;
/*!40101 SET character_set_client = @saved_cs_client */;

--
-- Dumping data for table `auth_user_user_permissions`
--

LOCK TABLES `auth_user_user_permissions` WRITE;
/*!40000 ALTER TABLE `auth_user_user_permissions` DISABLE KEYS */;
/*!40000 ALTER TABLE `auth_user_user_permissions` ENABLE KEYS */;
UNLOCK TABLES;

--
-- Table structure for table `django_admin_log`
--

DROP TABLE IF EXISTS `django_admin_log`;
/*!40101 SET @saved_cs_client     = @@character_set_client */;
/*!50503 SET character_set_client = utf8mb4 */;
CREATE TABLE `django_admin_log` (
  `id` int NOT NULL AUTO_INCREMENT,
  `action_time` datetime(6) NOT NULL,
  `object_id` longtext,
  `object_repr` varchar(200) NOT NULL,
  `action_flag` smallint unsigned NOT NULL,
  `change_message` longtext NOT NULL,
  `content_type_id` int DEFAULT NULL,
  `user_id` int NOT NULL,
  PRIMARY KEY (`id`),
  KEY `django_admin_log_content_type_id_c4bce8eb_fk_django_co` (`content_type_id`),
  KEY `django_admin_log_user_id_c564eba6_fk_auth_user_id` (`user_id`),
  CONSTRAINT `django_admin_log_content_type_id_c4bce8eb_fk_django_co` FOREIGN KEY (`content_type_id`) REFERENCES `django_content_type` (`id`),
  CONSTRAINT `django_admin_log_user_id_c564eba6_fk_auth_user_id` FOREIGN KEY (`user_id`) REFERENCES `auth_user` (`id`),
  CONSTRAINT `django_admin_log_chk_1` CHECK ((`action_flag` >= 0))
) ENGINE=InnoDB AUTO_INCREMENT=357 DEFAULT CHARSET=utf8mb4 COLLATE=utf8mb4_0900_ai_ci;
/*!40101 SET character_set_client = @saved_cs_client */;

--
-- Dumping data for table `django_admin_log`
--

LOCK TABLES `django_admin_log` WRITE;
/*!40000 ALTER TABLE `django_admin_log` DISABLE KEYS */;
INSERT INTO `django_admin_log` VALUES (1,'2025-03-31 08:53:28.244215','1','Cougar Explore S',1,'[{\"added\": {}}]',8,1),(2,'2025-03-31 09:30:00.037090','1','ProductDetail object (1)',1,'[{\"added\": {}}]',10,1),(3,'2025-03-31 09:30:29.598438','1','FAQ object (1)',1,'[{\"added\": {}}]',11,1),(4,'2025-03-31 09:31:07.966452','1','FAQ object (1)',2,'[]',11,1),(5,'2025-03-31 09:31:21.321039','2','FAQ object (2)',1,'[{\"added\": {}}]',11,1),(6,'2025-03-31 09:31:32.834630','3','FAQ object (3)',1,'[{\"added\": {}}]',11,1),(7,'2025-03-31 09:33:03.813196','1','Review object (1)',1,'[{\"added\": {}}]',9,1),(8,'2025-03-31 09:33:22.144180','2','Review object (2)',1,'[{\"added\": {}}]',9,1),(9,'2025-03-31 09:33:38.622645','3','Review object (3)',1,'[{\"added\": {}}]',9,1),(10,'2025-03-31 09:33:52.396151','4','Review object (4)',1,'[{\"added\": {}}]',9,1),(11,'2025-03-31 09:34:07.896779','5','Review object (5)',1,'[{\"added\": {}}]',9,1),(12,'2025-03-31 09:34:22.377812','6','Review object (6)',1,'[{\"added\": {}}]',9,1),(13,'2025-03-31 09:35:21.788756','7','Review object (7)',1,'[{\"added\": {}}]',9,1),(14,'2025-03-31 09:35:45.164700','8','Review object (8)',1,'[{\"added\": {}}]',9,1),(15,'2025-03-31 09:36:01.639740','9','Review object (9)',1,'[{\"added\": {}}]',9,1),(16,'2025-03-31 09:36:18.493238','10','Review object (10)',1,'[{\"added\": {}}]',9,1),(17,'2025-03-31 20:12:05.814434','1','ProductDetail object (1)',2,'[]',10,1),(18,'2025-03-31 20:20:01.388793','1','ProductDetail object (1)',2,'[{\"changed\": {\"fields\": [\"Images\"]}}]',10,1),(19,'2025-03-31 20:35:44.720323','1','Image for Cougar Explore S',1,'[{\"added\": {}}]',12,1),(20,'2025-03-31 20:35:51.475893','2','Image for Cougar Explore S',1,'[{\"added\": {}}]',12,1),(21,'2025-03-31 20:36:24.438296','2','Image for Cougar Explore S',3,'',12,1),(22,'2025-03-31 20:37:04.460126','1','Image for Cougar Explore S',3,'',12,1),(23,'2025-03-31 20:38:25.477955','3','Image for Cougar Explore S',1,'[{\"added\": {}}]',12,1),(24,'2025-03-31 20:38:46.655805','4','Image for Cougar Explore S',1,'[{\"added\": {}}]',12,1),(25,'2025-03-31 20:38:52.944617','5','Image for Cougar Explore S',1,'[{\"added\": {}}]',12,1),(26,'2025-03-31 20:38:59.030645','6','Image for Cougar Explore S',1,'[{\"added\": {}}]',12,1),(27,'2025-03-31 20:39:04.470503','7','Image for Cougar Explore S',1,'[{\"added\": {}}]',12,1),(28,'2025-03-31 20:39:18.540850','8','Image for Cougar Explore S',1,'[{\"added\": {}}]',12,1),(29,'2025-03-31 20:45:02.755640','3','Image for Cougar Explore S',3,'',12,1),(30,'2025-03-31 20:45:05.768467','8','Image for Cougar Explore S',3,'',12,1),(31,'2025-03-31 20:45:08.455936','7','Image for Cougar Explore S',3,'',12,1),(32,'2025-03-31 20:45:11.289718','6','Image for Cougar Explore S',3,'',12,1),(33,'2025-03-31 20:45:13.875745','5','Image for Cougar Explore S',3,'',12,1),(34,'2025-03-31 20:45:16.681831','4','Image for Cougar Explore S',3,'',12,1),(35,'2025-03-31 20:45:24.371534','9','Image for Cougar Explore S',1,'[{\"added\": {}}]',12,1),(36,'2025-03-31 20:45:34.395539','10','Image for Cougar Explore S',1,'[{\"added\": {}}]',12,1),(37,'2025-03-31 20:45:38.777397','11','Image for Cougar Explore S',1,'[{\"added\": {}}]',12,1),(38,'2025-03-31 20:45:43.007233','12','Image for Cougar Explore S',1,'[{\"added\": {}}]',12,1),(39,'2025-03-31 20:50:30.996390','2','AKRacing Core Series EX',1,'[{\"added\": {}}]',8,1),(40,'2025-03-31 20:55:11.170626','2','ProductDetail object (2)',1,'[{\"added\": {}}]',10,1),(41,'2025-03-31 20:56:03.498039','4','FAQ object (4)',1,'[{\"added\": {}}]',11,1),(42,'2025-03-31 20:56:20.612246','5','FAQ object (5)',1,'[{\"added\": {}}]',11,1),(43,'2025-03-31 20:56:27.732991','6','FAQ object (6)',1,'[{\"added\": {}}]',11,1),(44,'2025-03-31 20:56:38.676799','7','FAQ object (7)',1,'[{\"added\": {}}]',11,1),(45,'2025-03-31 20:56:46.838932','8','FAQ object (8)',1,'[{\"added\": {}}]',11,1),(46,'2025-03-31 20:57:57.774956','11','Review object (11)',1,'[{\"added\": {}}]',9,1),(47,'2025-03-31 20:58:58.545556','12','Review object (12)',1,'[{\"added\": {}}]',9,1),(48,'2025-03-31 20:59:10.944264','13','Review object (13)',1,'[{\"added\": {}}]',9,1),(49,'2025-03-31 20:59:22.545728','14','Review object (14)',1,'[{\"added\": {}}]',9,1),(50,'2025-03-31 20:59:34.738682','15','Review object (15)',1,'[{\"added\": {}}]',9,1),(51,'2025-03-31 20:59:46.521337','16','Review object (16)',1,'[{\"added\": {}}]',9,1),(52,'2025-03-31 21:00:05.884055','17','Review object (17)',1,'[{\"added\": {}}]',9,1),(53,'2025-03-31 21:00:29.545985','18','Review object (18)',1,'[{\"added\": {}}]',9,1),(54,'2025-03-31 21:00:46.279583','19','Review object (19)',1,'[{\"added\": {}}]',9,1),(55,'2025-03-31 21:01:06.846463','20','Review object (20)',1,'[{\"added\": {}}]',9,1),(56,'2025-03-31 21:01:21.734524','21','Review object (21)',1,'[{\"added\": {}}]',9,1),(57,'2025-03-31 21:01:40.544567','13','Image for AKRacing Core Series EX',1,'[{\"added\": {}}]',12,1),(58,'2025-03-31 21:01:45.649641','14','Image for AKRacing Core Series EX',1,'[{\"added\": {}}]',12,1),(59,'2025-03-31 21:01:50.783514','15','Image for AKRacing Core Series EX',1,'[{\"added\": {}}]',12,1),(60,'2025-03-31 21:01:57.184337','16','Image for AKRacing Core Series EX',1,'[{\"added\": {}}]',12,1),(61,'2025-03-31 21:50:11.765737','17','Image for AndaSeat Kaiser 3',1,'[{\"added\": {}}]',12,1),(62,'2025-03-31 21:50:16.724021','18','Image for AndaSeat Kaiser 3',1,'[{\"added\": {}}]',12,1),(63,'2025-03-31 21:50:21.316800','19','Image for AndaSeat Kaiser 3',1,'[{\"added\": {}}]',12,1),(64,'2025-03-31 22:04:41.338824','1','ProductDetail object (1)',3,'',10,1),(65,'2025-03-31 22:04:44.710963','2','ProductDetail object (2)',2,'[]',10,1),(66,'2025-03-31 22:04:50.124109','2','ProductDetail object (2)',3,'',10,1),(67,'2025-03-31 22:05:03.598795','1','Cougar Explore S',3,'',8,1),(68,'2025-03-31 22:05:09.011302','2','AKRacing Core Series EX',3,'',8,1),(69,'2025-04-01 16:57:40.948076','20','Image for AKRacing Core Series EX',1,'[{\"added\": {}}]',12,1),(70,'2025-04-01 16:57:46.598785','21','Image for AKRacing Core Series EX',1,'[{\"added\": {}}]',12,1),(71,'2025-04-01 16:57:54.908544','22','Image for AKRacing Core Series EX',1,'[{\"added\": {}}]',12,1),(72,'2025-04-01 17:20:35.112792','5','Cougar Explore S',2,'[{\"changed\": {\"fields\": [\"Image\"]}}]',8,1),(73,'2025-04-01 17:21:25.777775','23','Image for Cougar Explore S',1,'[{\"added\": {}}]',12,1),(74,'2025-04-01 17:21:33.107704','24','Image for Cougar Explore S',1,'[{\"added\": {}}]',12,1),(75,'2025-04-01 17:21:37.806802','25','Image for Cougar Explore S',1,'[{\"added\": {}}]',12,1),(76,'2025-04-01 17:21:44.095151','26','Image for Cougar Explore S',1,'[{\"added\": {}}]',12,1),(77,'2025-04-01 17:25:33.418301','23','Image for Cougar Explore S',3,'',12,1),(78,'2025-04-01 17:25:35.909088','24','Image for Cougar Explore S',3,'',12,1),(79,'2025-04-01 17:25:38.494853','25','Image for Cougar Explore S',3,'',12,1),(80,'2025-04-01 17:25:41.056805','26','Image for Cougar Explore S',3,'',12,1),(81,'2025-04-01 17:26:54.101596','27','Image for Cougar Explore S',1,'[{\"added\": {}}]',12,1),(82,'2025-04-01 17:27:09.029049','28','Image for Cougar Explore S',1,'[{\"added\": {}}]',12,1),(83,'2025-04-01 17:27:14.026587','29','Image for Cougar Explore S',1,'[{\"added\": {}}]',12,1),(84,'2025-04-01 17:27:18.877025','30','Image for Cougar Explore S',1,'[{\"added\": {}}]',12,1),(85,'2025-04-01 17:38:52.796374','5','Cougar Explore S',3,'',8,1),(86,'2025-04-01 17:45:59.701824','6','Cougar Explore S',2,'[]',8,1),(87,'2025-04-01 17:51:40.967576','31','Image for Cougar Explore S',1,'[{\"added\": {}}]',12,1),(88,'2025-04-01 17:51:46.361918','32','Image for Cougar Explore S',1,'[{\"added\": {}}]',12,1),(89,'2025-04-01 17:51:51.323790','33','Image for Cougar Explore S',1,'[{\"added\": {}}]',12,1),(90,'2025-04-01 18:20:27.747489','34','Image for DXRacer Master Series',1,'[{\"added\": {}}]',12,1),(91,'2025-04-01 18:20:32.540740','35','Image for DXRacer Master Series',1,'[{\"added\": {}}]',12,1),(92,'2025-04-01 18:20:37.286611','36','Image for DXRacer Master Series',1,'[{\"added\": {}}]',12,1),(93,'2025-04-01 18:20:58.594985','7','DXRacer Master Series',2,'[{\"changed\": {\"fields\": [\"Image\"]}}]',8,1),(94,'2025-04-01 18:23:00.614786','7','DXRacer Master Series',3,'',8,1),(95,'2025-04-01 18:29:49.430834','37','Image for DXRacer Master Series',1,'[{\"added\": {}}]',12,1),(96,'2025-04-01 18:29:55.580265','38','Image for DXRacer Master Series',1,'[{\"added\": {}}]',12,1),(97,'2025-04-01 18:35:04.191728','39','Image for GT OMEGAPRO',1,'[{\"added\": {}}]',12,1),(98,'2025-04-01 18:35:10.473197','40','Image for GT OMEGAPRO',1,'[{\"added\": {}}]',12,1),(99,'2025-04-01 18:35:16.792267','41','Image for GT OMEGAPRO',1,'[{\"added\": {}}]',12,1),(100,'2025-04-01 18:45:56.450387','42','Image for Razer Iskur X',1,'[{\"added\": {}}]',12,1),(101,'2025-04-01 18:46:29.375047','43','Image for Razer Iskur X',1,'[{\"added\": {}}]',12,1),(102,'2025-04-01 18:51:24.313267','44','Image for Respawn 110 Racing Style',1,'[{\"added\": {}}]',12,1),(103,'2025-04-01 18:51:31.713109','45','Image for Respawn 110 Racing Style',1,'[{\"added\": {}}]',12,1),(104,'2025-04-01 18:54:47.816764','46','Image for Secretlab Titan EVO 2022 Series',1,'[{\"added\": {}}]',12,1),(105,'2025-04-01 18:59:23.956033','47','Image for Asus ROG Ally',1,'[{\"added\": {}}]',12,1),(106,'2025-04-01 18:59:30.637970','48','Image for Asus ROG Ally',1,'[{\"added\": {}}]',12,1),(107,'2025-04-01 18:59:35.919959','49','Image for Asus ROG Ally',1,'[{\"added\": {}}]',12,1),(108,'2025-04-01 19:00:23.048084','13','Asus ROG Ally',2,'[{\"changed\": {\"fields\": [\"Image\"]}}]',8,1),(109,'2025-04-01 19:00:50.876163','13','Asus ROG Ally',3,'',8,1),(110,'2025-04-01 19:05:24.684296','50','Image for Asus rog Ally',1,'[{\"added\": {}}]',12,1),(111,'2025-04-01 19:05:31.636296','51','Image for Asus rog Ally',1,'[{\"added\": {}}]',12,1),(112,'2025-04-01 19:05:37.045760','52','Image for Asus rog Ally',1,'[{\"added\": {}}]',12,1),(113,'2025-04-01 19:11:46.733263','53','Image for Logitech G Cloud',1,'[{\"added\": {}}]',12,1),(114,'2025-04-01 19:11:53.410723','54','Image for Logitech G Cloud',1,'[{\"added\": {}}]',12,1),(115,'2025-04-01 19:12:00.413362','55','Image for Logitech G Cloud',1,'[{\"added\": {}}]',12,1),(116,'2025-04-01 19:12:06.586539','56','Image for Logitech G Cloud',1,'[{\"added\": {}}]',12,1),(117,'2025-04-01 19:12:14.682929','57','Image for Logitech G Cloud',1,'[{\"added\": {}}]',12,1),(118,'2025-04-01 19:16:43.061752','58','Image for Nintendo Switch Lite',1,'[{\"added\": {}}]',12,1),(119,'2025-04-01 19:16:49.415252','59','Image for Nintendo Switch Lite',1,'[{\"added\": {}}]',12,1),(120,'2025-04-01 19:16:55.649236','60','Image for Nintendo Switch Lite',1,'[{\"added\": {}}]',12,1),(121,'2025-04-01 19:17:01.647275','61','Image for Nintendo Switch Lite',1,'[{\"added\": {}}]',12,1),(122,'2025-04-01 19:20:05.464570','62','Image for Nintendo Switch OLED',1,'[{\"added\": {}}]',12,1),(123,'2025-04-01 19:20:12.306119','63','Image for Nintendo Switch OLED',1,'[{\"added\": {}}]',12,1),(124,'2025-04-01 19:20:20.172237','64','Image for Nintendo Switch OLED',1,'[{\"added\": {}}]',12,1),(125,'2025-04-01 19:20:26.145407','65','Image for Nintendo Switch OLED',1,'[{\"added\": {}}]',12,1),(126,'2025-04-01 19:23:17.919872','18','PlayStation 5 (PS5) Console',3,'',8,1),(127,'2025-04-01 19:27:31.308713','66','Image for PlayStation 5 (PS5) Console',1,'[{\"added\": {}}]',12,1),(128,'2025-04-01 19:28:04.545485','67','Image for PlayStation 5 (PS5) Console',1,'[{\"added\": {}}]',12,1),(129,'2025-04-01 19:28:09.928530','68','Image for PlayStation 5 (PS5) Console',1,'[{\"added\": {}}]',12,1),(130,'2025-04-01 19:28:14.699003','69','Image for PlayStation 5 (PS5) Console',1,'[{\"added\": {}}]',12,1),(131,'2025-04-01 19:35:52.991412','70','Image for Valve Steam Deck',1,'[{\"added\": {}}]',12,1),(132,'2025-04-01 19:36:12.054916','71','Image for Valve Steam Deck',1,'[{\"added\": {}}]',12,1),(133,'2025-04-01 19:36:21.484644','72','Image for Valve Steam Deck',1,'[{\"added\": {}}]',12,1),(134,'2025-04-01 19:36:29.015586','73','Image for Valve Steam Deck',1,'[{\"added\": {}}]',12,1),(135,'2025-04-01 19:42:42.318680','74','Image for Xbox Series S',1,'[{\"added\": {}}]',12,1),(136,'2025-04-01 19:42:49.316228','75','Image for Xbox Series S',1,'[{\"added\": {}}]',12,1),(137,'2025-04-01 19:42:57.335307','76','Image for Xbox Series S',1,'[{\"added\": {}}]',12,1),(138,'2025-04-01 19:43:03.200789','77','Image for Xbox Series S',1,'[{\"added\": {}}]',12,1),(139,'2025-04-01 19:44:05.940512','21','Xbox Series S',2,'[{\"changed\": {\"fields\": [\"Image\"]}}]',8,1),(140,'2025-04-01 19:44:30.849227','21','Xbox Series S',3,'',8,1),(141,'2025-04-01 19:48:21.607202','78','Image for Xbox Series S',1,'[{\"added\": {}}]',12,1),(142,'2025-04-01 19:48:28.810964','79','Image for Xbox Series S',1,'[{\"added\": {}}]',12,1),(143,'2025-04-01 19:48:34.734931','80','Image for Xbox Series S',1,'[{\"added\": {}}]',12,1),(144,'2025-04-01 19:48:40.644459','81','Image for Xbox Series S',1,'[{\"added\": {}}]',12,1),(145,'2025-04-01 19:53:12.373053','82','Image for Xbox Series X',1,'[{\"added\": {}}]',12,1),(146,'2025-04-01 19:53:18.684080','83','Image for Xbox Series X',1,'[{\"added\": {}}]',12,1),(147,'2025-04-01 20:03:13.508603','84','Image for 8BitDo Pro 2 Bluetooth Controller',1,'[{\"added\": {}}]',12,1),(148,'2025-04-01 20:03:22.435569','85','Image for 8BitDo Pro 2 Bluetooth Controller',1,'[{\"added\": {}}]',12,1),(149,'2025-04-01 20:03:29.884121','86','Image for 8BitDo Pro 2 Bluetooth Controller',1,'[{\"added\": {}}]',12,1),(150,'2025-04-01 20:03:35.735405','87','Image for 8BitDo Pro 2 Bluetooth Controller',1,'[{\"added\": {}}]',12,1),(151,'2025-04-01 20:08:56.730901','88','Image for Logitech G Wireless Gamepad F710',1,'[{\"added\": {}}]',12,1),(152,'2025-04-01 20:09:03.165192','89','Image for Logitech G Wireless Gamepad F710',1,'[{\"added\": {}}]',12,1),(153,'2025-04-01 20:09:10.806151','90','Image for Logitech G Wireless Gamepad F710',1,'[{\"added\": {}}]',12,1),(154,'2025-04-01 20:09:19.305991','91','Image for Logitech G Wireless Gamepad F710',1,'[{\"added\": {}}]',12,1),(155,'2025-04-01 20:15:32.233341','92','Image for Nintendo Switch Pad',1,'[{\"added\": {}}]',12,1),(156,'2025-04-01 20:15:38.679025','93','Image for Nintendo Switch Pad',1,'[{\"added\": {}}]',12,1),(157,'2025-04-01 20:15:44.870585','94','Image for Nintendo Switch Pad',1,'[{\"added\": {}}]',12,1),(158,'2025-04-01 20:20:06.171189','95','Image for Nintendo Switch Pro Controller',1,'[{\"added\": {}}]',12,1),(159,'2025-04-01 20:20:13.582506','96','Image for Nintendo Switch Pro Controller',1,'[{\"added\": {}}]',12,1),(160,'2025-04-01 20:20:38.777871','97','Image for Nintendo Switch Pro Controller',1,'[{\"added\": {}}]',12,1),(161,'2025-04-01 20:21:31.803147','98','Image for Nintendo Switch Pro Controller',1,'[{\"added\": {}}]',12,1),(162,'2025-04-01 20:25:05.405833','99','Image for PDP Victrix Pro BFG Wireless Controller',1,'[{\"added\": {}}]',12,1),(163,'2025-04-01 20:25:12.243818','100','Image for PDP Victrix Pro BFG Wireless Controller',1,'[{\"added\": {}}]',12,1),(164,'2025-04-01 20:25:19.170793','101','Image for PDP Victrix Pro BFG Wireless Controller',1,'[{\"added\": {}}]',12,1),(165,'2025-04-01 20:25:27.844217','102','Image for PDP Victrix Pro BFG Wireless Controller',1,'[{\"added\": {}}]',12,1),(166,'2025-04-01 20:25:39.039206','103','Image for PDP Victrix Pro BFG Wireless Controller',1,'[{\"added\": {}}]',12,1),(167,'2025-04-01 20:27:16.933354','29','Razer Wolverine V2 Chroma Wired Controller',3,'',8,1),(168,'2025-04-01 20:28:05.579027','30','Razer Wolverine V2 Chroma Wired Controller',3,'',8,1),(169,'2025-04-01 20:31:55.921403','104','Image for Razer Wolverine V2 Chroma Wired Controller',1,'[{\"added\": {}}]',12,1),(170,'2025-04-01 20:32:03.539057','105','Image for Razer Wolverine V2 Chroma Wired Controller',1,'[{\"added\": {}}]',12,1),(171,'2025-04-01 20:32:10.361179','106','Image for Razer Wolverine V2 Chroma Wired Controller',1,'[{\"added\": {}}]',12,1),(172,'2025-04-01 20:32:20.907326','107','Image for Razer Wolverine V2 Chroma Wired Controller',1,'[{\"added\": {}}]',12,1),(173,'2025-04-01 20:32:29.322477','108','Image for Razer Wolverine V2 Chroma Wired Controller',1,'[{\"added\": {}}]',12,1),(174,'2025-04-01 20:32:37.520023','109','Image for Razer Wolverine V2 Chroma Wired Controller',1,'[{\"added\": {}}]',12,1),(175,'2025-04-01 20:36:20.999659','110','Image for SCUF Reflex Pro Wireless Controller',1,'[{\"added\": {}}]',12,1),(176,'2025-04-01 20:36:28.877044','111','Image for SCUF Reflex Pro Wireless Controller',1,'[{\"added\": {}}]',12,1),(177,'2025-04-01 20:36:36.364621','112','Image for SCUF Reflex Pro Wireless Controller',1,'[{\"added\": {}}]',12,1),(178,'2025-04-01 20:41:04.725061','113','Image for Sony DualSense Wireless Controller',1,'[{\"added\": {}}]',12,1),(179,'2025-04-01 20:41:11.104451','114','Image for Sony DualSense Wireless Controller',1,'[{\"added\": {}}]',12,1),(180,'2025-04-01 20:41:17.453301','115','Image for Sony DualSense Wireless Controller',1,'[{\"added\": {}}]',12,1),(181,'2025-04-01 20:41:24.495771','116','Image for Sony DualSense Wireless Controller',1,'[{\"added\": {}}]',12,1),(182,'2025-04-01 20:45:25.229762','117','Image for Xbox Elite Wireless Controller Series 2',1,'[{\"added\": {}}]',12,1),(183,'2025-04-01 20:45:33.247607','118','Image for Xbox Elite Wireless Controller Series 2',1,'[{\"added\": {}}]',12,1),(184,'2025-04-01 20:45:40.549710','119','Image for Xbox Elite Wireless Controller Series 2',1,'[{\"added\": {}}]',12,1),(185,'2025-04-01 20:45:47.551949','120','Image for Xbox Elite Wireless Controller Series 2',1,'[{\"added\": {}}]',12,1),(186,'2025-04-01 20:45:56.478351','121','Image for Xbox Elite Wireless Controller Series 2',1,'[{\"added\": {}}]',12,1),(187,'2025-04-01 20:48:47.747735','122','Image for Xbox PowerA Enhanced Wired Controller',1,'[{\"added\": {}}]',12,1),(188,'2025-04-01 20:48:55.306493','123','Image for Xbox PowerA Enhanced Wired Controller',1,'[{\"added\": {}}]',12,1),(189,'2025-04-01 20:49:02.574256','124','Image for Xbox PowerA Enhanced Wired Controller',1,'[{\"added\": {}}]',12,1),(190,'2025-04-01 20:49:19.920001','125','Image for Xbox PowerA Enhanced Wired Controller',1,'[{\"added\": {}}]',12,1),(191,'2025-04-01 20:49:28.014818','126','Image for Xbox PowerA Enhanced Wired Controller',1,'[{\"added\": {}}]',12,1),(192,'2025-04-01 20:53:48.882825','127','Image for Beyerdynamic MMX 300 Pro Gaming Headset',1,'[{\"added\": {}}]',12,1),(193,'2025-04-01 20:53:56.171964','128','Image for Beyerdynamic MMX 300 Pro Gaming Headset',1,'[{\"added\": {}}]',12,1),(194,'2025-04-01 20:54:04.566044','129','Image for Beyerdynamic MMX 300 Pro Gaming Headset',1,'[{\"added\": {}}]',12,1),(195,'2025-04-01 20:54:10.885881','130','Image for Beyerdynamic MMX 300 Pro Gaming Headset',1,'[{\"added\": {}}]',12,1),(196,'2025-04-01 20:57:56.663291','131','Image for Corsair Virtuoso RGB Wireless XT Gaming Headset',1,'[{\"added\": {}}]',12,1),(197,'2025-04-01 20:58:07.293418','132','Image for Corsair Virtuoso RGB Wireless XT Gaming Headset',1,'[{\"added\": {}}]',12,1),(198,'2025-04-01 20:58:16.861157','133','Image for Corsair Virtuoso RGB Wireless XT Gaming Headset',1,'[{\"added\": {}}]',12,1),(199,'2025-04-01 20:58:24.749933','134','Image for Corsair Virtuoso RGB Wireless XT Gaming Headset',1,'[{\"added\": {}}]',12,1),(200,'2025-04-01 21:02:36.167318','135','Image for EPOS H6PRO Gaming Headset',1,'[{\"added\": {}}]',12,1),(201,'2025-04-01 21:02:44.653370','136','Image for EPOS H6PRO Gaming Headset',1,'[{\"added\": {}}]',12,1),(202,'2025-04-01 21:02:52.645050','137','Image for EPOS H6PRO Gaming Headset',1,'[{\"added\": {}}]',12,1),(203,'2025-04-01 21:03:01.551720','138','Image for EPOS H6PRO Gaming Headset',1,'[{\"added\": {}}]',12,1),(204,'2025-04-01 21:06:45.507944','139','Image for HyperX Cloud II Gaming Headset',1,'[{\"added\": {}}]',12,1),(205,'2025-04-01 21:06:55.880292','140','Image for HyperX Cloud II Gaming Headset',1,'[{\"added\": {}}]',12,1),(206,'2025-04-01 21:07:03.202338','141','Image for HyperX Cloud II Gaming Headset',1,'[{\"added\": {}}]',12,1),(207,'2025-04-01 21:07:10.722391','142','Image for HyperX Cloud II Gaming Headset',1,'[{\"added\": {}}]',12,1),(208,'2025-04-01 21:10:28.033335','143','Image for Logitech G Pro X Gaming Headset',1,'[{\"added\": {}}]',12,1),(209,'2025-04-01 21:10:35.785316','144','Image for Logitech G Pro X Gaming Headset',1,'[{\"added\": {}}]',12,1),(210,'2025-04-01 21:10:44.225432','145','Image for Logitech G Pro X Gaming Headset',1,'[{\"added\": {}}]',12,1),(211,'2025-04-01 21:10:52.549888','146','Image for Logitech G Pro X Gaming Headset',1,'[{\"added\": {}}]',12,1),(212,'2025-04-01 21:12:12.557511','41','Razer BlackShark V2 Gaming Headset',3,'',8,1),(213,'2025-04-01 21:14:54.397092','147','Image for Logitech G Pro X Gaming Headset',1,'[{\"added\": {}}]',12,1),(214,'2025-04-01 21:15:00.678713','148','Image for Logitech G Pro X Gaming Headset',1,'[{\"added\": {}}]',12,1),(215,'2025-04-01 21:15:18.438381','149','Image for Logitech G Pro X Gaming Headset',1,'[{\"added\": {}}]',12,1),(216,'2025-04-01 21:15:30.961765','150','Image for Logitech G Pro X Gaming Headset',1,'[{\"added\": {}}]',12,1),(217,'2025-04-01 21:17:18.156515','42','Razer BlackShark V2 Gaming Headset',3,'',8,1),(218,'2025-04-01 21:21:11.877995','151','Image for Razer BlackShark V2 Gaming Headset',1,'[{\"added\": {}}]',12,1),(219,'2025-04-01 21:21:20.381495','152','Image for Razer BlackShark V2 Gaming Headset',1,'[{\"added\": {}}]',12,1),(220,'2025-04-01 21:21:27.238376','153','Image for Razer BlackShark V2 Gaming Headset',1,'[{\"added\": {}}]',12,1),(221,'2025-04-01 21:21:33.097085','154','Image for Razer BlackShark V2 Gaming Headset',1,'[{\"added\": {}}]',12,1),(222,'2025-04-01 21:24:55.413280','155','Image for Razer BlackShark V2 Gaming Headset',1,'[{\"added\": {}}]',12,1),(223,'2025-04-01 21:25:08.164915','156','Image for Razer BlackShark V2 Gaming Headset',1,'[{\"added\": {}}]',12,1),(224,'2025-04-01 21:25:16.904563','157','Image for Razer BlackShark V2 Gaming Headset',1,'[{\"added\": {}}]',12,1),(225,'2025-04-01 21:25:27.651119','158','Image for Razer BlackShark V2 Gaming Headset',1,'[{\"added\": {}}]',12,1),(226,'2025-04-01 21:30:39.983308','159','Image for SteelSeries Arctis Nova Pro Wireless',1,'[{\"added\": {}}]',12,1),(227,'2025-04-01 21:30:47.146632','160','Image for SteelSeries Arctis Nova Pro Wireless',1,'[{\"added\": {}}]',12,1),(228,'2025-04-01 21:30:56.364970','161','Image for SteelSeries Arctis Nova Pro Wireless',1,'[{\"added\": {}}]',12,1),(229,'2025-04-01 21:31:06.145241','162','Image for SteelSeries Arctis Nova Pro Wireless',1,'[{\"added\": {}}]',12,1),(230,'2025-04-01 21:36:36.606627','163','Image for Turtle Beach Stealth 700 Gen 2 Wireless Gaming Headset',1,'[{\"added\": {}}]',12,1),(231,'2025-04-01 21:36:42.908316','164','Image for Turtle Beach Stealth 700 Gen 2 Wireless Gaming Headset',1,'[{\"added\": {}}]',12,1),(232,'2025-04-01 21:36:49.620318','165','Image for Turtle Beach Stealth 700 Gen 2 Wireless Gaming Headset',1,'[{\"added\": {}}]',12,1),(233,'2025-04-01 21:37:01.982677','166','Image for Turtle Beach Stealth 700 Gen 2 Wireless Gaming Headset',1,'[{\"added\": {}}]',12,1),(234,'2025-04-01 21:41:11.316688','167','Image for Astro A50 Wireless Gaming Headset for Xbox Series X|S',1,'[{\"added\": {}}]',12,1),(235,'2025-04-01 21:41:18.646666','168','Image for Astro A50 Wireless Gaming Headset for Xbox Series X|S',1,'[{\"added\": {}}]',12,1),(236,'2025-04-01 21:41:25.400125','169','Image for Astro A50 Wireless Gaming Headset for Xbox Series X|S',1,'[{\"added\": {}}]',12,1),(237,'2025-04-01 21:41:32.260234','170','Image for Astro A50 Wireless Gaming Headset for Xbox Series X|S',1,'[{\"added\": {}}]',12,1),(238,'2025-04-01 21:45:09.757916','171','Image for Corsair K100 RGB Mechanical Gaming Keyboard',1,'[{\"added\": {}}]',12,1),(239,'2025-04-01 21:45:16.448878','172','Image for Corsair K100 RGB Mechanical Gaming Keyboard',1,'[{\"added\": {}}]',12,1),(240,'2025-04-01 21:45:23.674757','173','Image for Corsair K100 RGB Mechanical Gaming Keyboard',1,'[{\"added\": {}}]',12,1),(241,'2025-04-01 21:45:32.699129','174','Image for Corsair K100 RGB Mechanical Gaming Keyboard',1,'[{\"added\": {}}]',12,1),(242,'2025-04-01 21:45:39.063223','175','Image for Corsair K100 RGB Mechanical Gaming Keyboard',1,'[{\"added\": {}}]',12,1),(243,'2025-04-01 21:49:54.381375','176','Image for Ducky One 3 Mechanical Keyboard',1,'[{\"added\": {}}]',12,1),(244,'2025-04-01 21:50:01.046060','177','Image for Ducky One 3 Mechanical Keyboard',1,'[{\"added\": {}}]',12,1),(245,'2025-04-01 21:53:15.313083','178','Image for HyperX Alloy Origins Mechanical Gaming Keyboard',1,'[{\"added\": {}}]',12,1),(246,'2025-04-01 21:53:21.942405','179','Image for HyperX Alloy Origins Mechanical Gaming Keyboard',1,'[{\"added\": {}}]',12,1),(247,'2025-04-01 21:53:29.527009','180','Image for HyperX Alloy Origins Mechanical Gaming Keyboard',1,'[{\"added\": {}}]',12,1),(248,'2025-04-01 21:53:37.024358','181','Image for HyperX Alloy Origins Mechanical Gaming Keyboard',1,'[{\"added\": {}}]',12,1),(249,'2025-04-01 21:59:32.737447','182','Image for Logitech G915 TKL Wireless Mechanical Gaming Keyboard',1,'[{\"added\": {}}]',12,1),(250,'2025-04-01 21:59:45.891872','183','Image for Logitech G915 TKL Wireless Mechanical Gaming Keyboard',1,'[{\"added\": {}}]',12,1),(251,'2025-04-01 21:59:57.835518','184','Image for Logitech G915 TKL Wireless Mechanical Gaming Keyboard',1,'[{\"added\": {}}]',12,1),(252,'2025-04-01 22:00:10.462361','185','Image for Logitech G915 TKL Wireless Mechanical Gaming Keyboard',1,'[{\"added\": {}}]',12,1),(253,'2025-04-01 22:01:53.211172','52','Razer Huntsman V2 Optical Gaming Keyboard',3,'',8,1),(254,'2025-04-01 22:08:02.708548','186','Image for Razer Huntsman V2 Optical Gaming Keyboard',1,'[{\"added\": {}}]',12,1),(255,'2025-04-01 22:08:13.569029','187','Image for Razer Huntsman V2 Optical Gaming Keyboard',1,'[{\"added\": {}}]',12,1),(256,'2025-04-01 22:08:24.011296','188','Image for Razer Huntsman V2 Optical Gaming Keyboard',1,'[{\"added\": {}}]',12,1),(257,'2025-04-01 22:32:15.717079','189','Image for Roccat Vulcan 121 AIMO RGB Mechanical Gaming Keyboard',1,'[{\"added\": {}}]',12,1),(258,'2025-04-01 22:32:22.553970','190','Image for Roccat Vulcan 121 AIMO RGB Mechanical Gaming Keyboard',1,'[{\"added\": {}}]',12,1),(259,'2025-04-01 22:32:30.515823','191','Image for Roccat Vulcan 121 AIMO RGB Mechanical Gaming Keyboard',1,'[{\"added\": {}}]',12,1),(260,'2025-04-01 22:38:10.890647','192','Image for SteelSeries Apex Pro Mechanical Gaming Keyboard',1,'[{\"added\": {}}]',12,1),(261,'2025-04-01 22:38:19.475782','193','Image for SteelSeries Apex Pro Mechanical Gaming Keyboard',1,'[{\"added\": {}}]',12,1),(262,'2025-04-01 22:38:26.581219','194','Image for SteelSeries Apex Pro Mechanical Gaming Keyboard',1,'[{\"added\": {}}]',12,1),(263,'2025-04-01 22:38:34.382758','195','Image for SteelSeries Apex Pro Mechanical Gaming Keyboard',1,'[{\"added\": {}}]',12,1),(264,'2025-04-01 22:47:33.047587','196','Image for Acer Predator XB273U Gaming Monitor',1,'[{\"added\": {}}]',12,1),(265,'2025-04-01 22:47:40.408367','197','Image for Acer Predator XB273U Gaming Monitor',1,'[{\"added\": {}}]',12,1),(266,'2025-04-01 22:47:47.739381','198','Image for Acer Predator XB273U Gaming Monitor',1,'[{\"added\": {}}]',12,1),(267,'2025-04-01 22:47:56.292758','199','Image for Acer Predator XB273U Gaming Monitor',1,'[{\"added\": {}}]',12,1),(268,'2025-04-01 22:48:03.962293','200','Image for Acer Predator XB273U Gaming Monitor',1,'[{\"added\": {}}]',12,1),(269,'2025-04-01 22:48:30.531726','56','Wooting Two Analog Optical Gaming Keyboard',2,'[{\"changed\": {\"fields\": [\"Price\"]}}]',8,1),(270,'2025-04-01 22:49:00.958268','55','SteelSeries Apex Pro Mechanical Gaming Keyboard',2,'[{\"changed\": {\"fields\": [\"Price\"]}}]',8,1),(271,'2025-04-01 22:49:10.351263','54','Roccat Vulcan 121 AIMO RGB Mechanical Gaming Keyboard',2,'[{\"changed\": {\"fields\": [\"Price\"]}}]',8,1),(272,'2025-04-01 22:49:19.006863','53','Razer Huntsman V2 Optical Gaming Keyboard',2,'[{\"changed\": {\"fields\": [\"Price\"]}}]',8,1),(273,'2025-04-01 22:49:28.662872','53','Razer Huntsman V2 Optical Gaming Keyboard',2,'[]',8,1),(274,'2025-04-01 22:49:34.745630','51','Logitech G915 TKL Wireless Mechanical Gaming Keyboard',2,'[{\"changed\": {\"fields\": [\"Price\"]}}]',8,1),(275,'2025-04-01 22:49:44.206064','50','HyperX Alloy Origins Mechanical Gaming Keyboard',2,'[{\"changed\": {\"fields\": [\"Price\"]}}]',8,1),(276,'2025-04-01 22:49:56.185266','49','Ducky One 3 Mechanical Keyboard',2,'[{\"changed\": {\"fields\": [\"Price\"]}}]',8,1),(277,'2025-04-01 22:50:03.005863','48','Corsair K100 RGB Mechanical Gaming Keyboard',2,'[{\"changed\": {\"fields\": [\"Price\"]}}]',8,1),(278,'2025-04-01 22:50:39.966526','14','Asus rog Ally',2,'[]',8,1),(279,'2025-04-01 22:51:06.241195','28','PDP Victrix Pro BFG Wireless Controller',2,'[{\"changed\": {\"fields\": [\"Price\"]}}]',8,1),(280,'2025-04-01 22:51:22.810698','43','Razer BlackShark V2 Gaming Headset',2,'[{\"changed\": {\"fields\": [\"Price\"]}}]',8,1),(281,'2025-04-01 22:51:31.346194','44','Sony IZONE Wireless Gaming Headset',2,'[{\"changed\": {\"fields\": [\"Price\"]}}]',8,1),(282,'2025-04-01 22:51:38.809929','45','SteelSeries Arctis Nova Pro Wireless',2,'[{\"changed\": {\"fields\": [\"Price\"]}}]',8,1),(283,'2025-04-01 22:51:45.204017','46','Turtle Beach Stealth 700 Gen 2 Wireless Gaming Headset',2,'[{\"changed\": {\"fields\": [\"Price\"]}}]',8,1),(284,'2025-04-01 22:51:51.933756','47','Astro A50 Wireless Gaming Headset for Xbox Series X|S',2,'[{\"changed\": {\"fields\": [\"Price\"]}}]',8,1),(285,'2025-04-01 22:51:57.103666','47','Astro A50 Wireless Gaming Headset for Xbox Series X|S',2,'[]',8,1),(286,'2025-04-01 22:52:45.147122','32','SCUF Reflex Pro Wireless Controller',2,'[{\"changed\": {\"fields\": [\"Price\"]}}]',8,1),(287,'2025-04-01 22:52:56.791645','34','Xbox Elite Wireless Controller Series 2',2,'[{\"changed\": {\"fields\": [\"Price\"]}}]',8,1),(288,'2025-04-01 22:57:23.837647','201','Image for Alienware AW3423DWF QD-OLED Ultrawide Gaming Monitor',1,'[{\"added\": {}}]',12,1),(289,'2025-04-01 22:57:30.665277','202','Image for Alienware AW3423DWF QD-OLED Ultrawide Gaming Monitor',1,'[{\"added\": {}}]',12,1),(290,'2025-04-01 22:57:36.950723','203','Image for Alienware AW3423DWF QD-OLED Ultrawide Gaming Monitor',1,'[{\"added\": {}}]',12,1),(291,'2025-04-01 22:57:43.593220','204','Image for Alienware AW3423DWF QD-OLED Ultrawide Gaming Monitor',1,'[{\"added\": {}}]',12,1),(292,'2025-04-01 23:01:05.894828','205','Image for AOC AGON AG273QZ Gaming Monitor',1,'[{\"added\": {}}]',12,1),(293,'2025-04-01 23:01:14.513047','206','Image for AOC AGON AG273QZ Gaming Monitor',1,'[{\"added\": {}}]',12,1),(294,'2025-04-01 23:01:21.367601','207','Image for AOC AGON AG273QZ Gaming Monitor',1,'[{\"added\": {}}]',12,1),(295,'2025-04-01 23:01:28.307066','208','Image for AOC AGON AG273QZ Gaming Monitor',1,'[{\"added\": {}}]',12,1),(296,'2025-04-01 23:01:34.654716','209','Image for AOC AGON AG273QZ Gaming Monitor',1,'[{\"added\": {}}]',12,1),(297,'2025-04-01 23:05:21.249838','210','Image for BenQ Zowie XL2546K 240Hz DyAc⁺ Esports Gaming Monitor',1,'[{\"added\": {}}]',12,1),(298,'2025-04-01 23:05:34.226839','211','Image for BenQ Zowie XL2546K 240Hz DyAc⁺ Esports Gaming Monitor',1,'[{\"added\": {}}]',12,1),(299,'2025-04-01 23:05:41.073643','212','Image for BenQ Zowie XL2546K 240Hz DyAc⁺ Esports Gaming Monitor',1,'[{\"added\": {}}]',12,1),(300,'2025-04-01 23:05:48.989958','213','Image for BenQ Zowie XL2546K 240Hz DyAc⁺ Esports Gaming Monitor',1,'[{\"added\": {}}]',12,1),(301,'2025-04-01 23:10:27.255694','214','Image for Gigabyte M32UC 32\" 144Hz 4K UHD Curved Gaming Monitor',1,'[{\"added\": {}}]',12,1),(302,'2025-04-01 23:10:34.455657','215','Image for Gigabyte M32UC 32\" 144Hz 4K UHD Curved Gaming Monitor',1,'[{\"added\": {}}]',12,1),(303,'2025-04-01 23:10:40.859441','216','Image for Gigabyte M32UC 32\" 144Hz 4K UHD Curved Gaming Monitor',1,'[{\"added\": {}}]',12,1),(304,'2025-04-01 23:10:47.093370','217','Image for Gigabyte M32UC 32\" 144Hz 4K UHD Curved Gaming Monitor',1,'[{\"added\": {}}]',12,1),(305,'2025-04-01 23:10:54.883214','218','Image for Gigabyte M32UC 32\" 144Hz 4K UHD Curved Gaming Monitor',1,'[{\"added\": {}}]',12,1),(306,'2025-04-01 23:11:05.465238','219','Image for Gigabyte M32UC 32\" 144Hz 4K UHD Curved Gaming Monitor',1,'[{\"added\": {}}]',12,1),(307,'2025-04-01 23:13:23.060665','220','Image for LG UltraGear 27GN950-B 4K UHD Nano IPS 144Hz Gaming Monitor',1,'[{\"added\": {}}]',12,1),(308,'2025-04-01 23:13:28.985019','221','Image for LG UltraGear 27GN950-B 4K UHD Nano IPS 144Hz Gaming Monitor',1,'[{\"added\": {}}]',12,1),(309,'2025-04-01 23:13:35.769885','222','Image for LG UltraGear 27GN950-B 4K UHD Nano IPS 144Hz Gaming Monitor',1,'[{\"added\": {}}]',12,1),(310,'2025-04-01 23:13:42.714547','223','Image for LG UltraGear 27GN950-B 4K UHD Nano IPS 144Hz Gaming Monitor',1,'[{\"added\": {}}]',12,1),(311,'2025-04-01 23:13:59.968193','224','Image for LG UltraGear 27GN950-B 4K UHD Nano IPS 144Hz Gaming Monitor',1,'[{\"added\": {}}]',12,1),(312,'2025-04-01 23:17:01.738793','225','Image for MSI G274QPF-QD 27\" QHD Rapid IPS 170Hz Gaming Monitor',1,'[{\"added\": {}}]',12,1),(313,'2025-04-01 23:17:08.078802','226','Image for MSI G274QPF-QD 27\" QHD Rapid IPS 170Hz Gaming Monitor',1,'[{\"added\": {}}]',12,1),(314,'2025-04-01 23:17:14.712007','227','Image for MSI G274QPF-QD 27\" QHD Rapid IPS 170Hz Gaming Monitor',1,'[{\"added\": {}}]',12,1),(315,'2025-04-01 23:17:22.693218','228','Image for MSI G274QPF-QD 27\" QHD Rapid IPS 170Hz Gaming Monitor',1,'[{\"added\": {}}]',12,1),(316,'2025-04-01 23:17:33.055795','229','Image for MSI G274QPF-QD 27\" QHD Rapid IPS 170Hz Gaming Monitor',1,'[{\"added\": {}}]',12,1),(317,'2025-04-01 23:21:00.928187','230','Image for MSI G274QPF 27\" QHD Rapid IPS 170Hz Gaming Monitor',1,'[{\"added\": {}}]',12,1),(318,'2025-04-01 23:21:08.874874','231','Image for MSI G274QPF 27\" QHD Rapid IPS 170Hz Gaming Monitor',1,'[{\"added\": {}}]',12,1),(319,'2025-04-01 23:21:15.977985','232','Image for MSI G274QPF 27\" QHD Rapid IPS 170Hz Gaming Monitor',1,'[{\"added\": {}}]',12,1),(320,'2025-04-01 23:24:37.453117','233','Image for Samsung Odyssey Neo G8 32\" 4K UHD 240Hz Curved Gaming Monitor',1,'[{\"added\": {}}]',12,1),(321,'2025-04-01 23:24:44.858722','234','Image for Samsung Odyssey Neo G8 32\" 4K UHD 240Hz Curved Gaming Monitor',1,'[{\"added\": {}}]',12,1),(322,'2025-04-01 23:24:51.391516','235','Image for Samsung Odyssey Neo G8 32\" 4K UHD 240Hz Curved Gaming Monitor',1,'[{\"added\": {}}]',12,1),(323,'2025-04-01 23:24:58.044495','236','Image for Samsung Odyssey Neo G8 32\" 4K UHD 240Hz Curved Gaming Monitor',1,'[{\"added\": {}}]',12,1),(324,'2025-04-01 23:28:43.273938','237','Image for Corsair Dark Core RGB Pro SE Wireless Gaming Mouse',1,'[{\"added\": {}}]',12,1),(325,'2025-04-01 23:28:49.897751','238','Image for Corsair Dark Core RGB Pro SE Wireless Gaming Mouse',1,'[{\"added\": {}}]',12,1),(326,'2025-04-01 23:31:31.687529','239','Image for Glorious Model O Lightweight RGB Gaming Mouse',1,'[{\"added\": {}}]',12,1),(327,'2025-04-01 23:31:39.926071','240','Image for Glorious Model O Lightweight RGB Gaming Mouse',1,'[{\"added\": {}}]',12,1),(328,'2025-04-01 23:31:47.011481','241','Image for Glorious Model O Lightweight RGB Gaming Mouse',1,'[{\"added\": {}}]',12,1),(329,'2025-04-01 23:31:54.343888','242','Image for Glorious Model O Lightweight RGB Gaming Mouse',1,'[{\"added\": {}}]',12,1),(330,'2025-04-01 23:34:56.549968','243','Image for HyperX Pulsefire Haste Ultra-Lightweight Gaming Mouse',1,'[{\"added\": {}}]',12,1),(331,'2025-04-01 23:35:03.811872','244','Image for HyperX Pulsefire Haste Ultra-Lightweight Gaming Mouse',1,'[{\"added\": {}}]',12,1),(332,'2025-04-01 23:35:10.527045','245','Image for HyperX Pulsefire Haste Ultra-Lightweight Gaming Mouse',1,'[{\"added\": {}}]',12,1),(333,'2025-04-01 23:35:18.396401','246','Image for HyperX Pulsefire Haste Ultra-Lightweight Gaming Mouse',1,'[{\"added\": {}}]',12,1),(334,'2025-04-01 23:37:36.253768','247','Image for Logitech G Pro X Superlight Wireless Gaming Mouse',1,'[{\"added\": {}}]',12,1),(335,'2025-04-01 23:37:42.333287','248','Image for Logitech G Pro X Superlight Wireless Gaming Mouse',1,'[{\"added\": {}}]',12,1),(336,'2025-04-01 23:37:48.791775','249','Image for Logitech G Pro X Superlight Wireless Gaming Mouse',1,'[{\"added\": {}}]',12,1),(337,'2025-04-01 23:40:10.964281','250','Image for Logitech G Pro X Superlight Wireless Gaming Mouse',1,'[{\"added\": {}}]',12,1),(338,'2025-04-01 23:40:16.812292','251','Image for Logitech G102 LIGHTSYNC RGB Wired Gaming Mouse',1,'[{\"added\": {}}]',12,1),(339,'2025-04-01 23:40:22.427240','252','Image for Logitech G102 LIGHTSYNC RGB Wired Gaming Mouse',1,'[{\"added\": {}}]',12,1),(340,'2025-04-01 23:42:29.909502','253','Image for Logitech G502 X Plus LIGHTSPEED Wireless RGB Gaming Mouse',1,'[{\"added\": {}}]',12,1),(341,'2025-04-01 23:42:35.869561','254','Image for Logitech G502 X Plus LIGHTSPEED Wireless RGB Gaming Mouse',1,'[{\"added\": {}}]',12,1),(342,'2025-04-01 23:42:42.760231','255','Image for Logitech G502 X Plus LIGHTSPEED Wireless RGB Gaming Mouse',1,'[{\"added\": {}}]',12,1),(343,'2025-04-01 23:45:27.977715','256','Image for Razer DeathAdder V3 Pro Wireless Esports Gaming Mouse',1,'[{\"added\": {}}]',12,1),(344,'2025-04-01 23:45:35.310506','257','Image for Razer DeathAdder V3 Pro Wireless Esports Gaming Mouse',1,'[{\"added\": {}}]',12,1),(345,'2025-04-01 23:45:44.412824','258','Image for Razer DeathAdder V3 Pro Wireless Esports Gaming Mouse',1,'[{\"added\": {}}]',12,1),(346,'2025-04-01 23:48:04.864686','259','Image for Roccat Kone Pro Air Wireless RGB Gaming Mouse',1,'[{\"added\": {}}]',12,1),(347,'2025-04-01 23:48:11.313865','260','Image for Roccat Kone Pro Air Wireless RGB Gaming Mouse',1,'[{\"added\": {}}]',12,1),(348,'2025-04-01 23:48:17.565523','261','Image for Roccat Kone Pro Air Wireless RGB Gaming Mouse',1,'[{\"added\": {}}]',12,1),(349,'2025-04-01 23:50:40.334589','262','Image for SteelSeries Aerox 5 Wireless Ultra-Lightweight Gaming Mouse',1,'[{\"added\": {}}]',12,1),(350,'2025-04-01 23:50:47.749820','263','Image for SteelSeries Aerox 5 Wireless Ultra-Lightweight Gaming Mouse',1,'[{\"added\": {}}]',12,1),(351,'2025-04-01 23:50:56.310007','264','Image for SteelSeries Aerox 5 Wireless Ultra-Lightweight Gaming Mouse',1,'[{\"added\": {}}]',12,1),(352,'2025-04-01 23:51:06.223393','265','Image for SteelSeries Aerox 5 Wireless Ultra-Lightweight Gaming Mouse',1,'[{\"added\": {}}]',12,1),(353,'2025-04-01 23:54:06.252790','266','Image for BenQ Zowie EC2-B Wired Esports Gaming Mouse',1,'[{\"added\": {}}]',12,1),(354,'2025-04-01 23:54:16.619133','267','Image for BenQ Zowie EC2-B Wired Esports Gaming Mouse',1,'[{\"added\": {}}]',12,1),(355,'2025-04-01 23:54:23.365292','268','Image for BenQ Zowie EC2-B Wired Esports Gaming Mouse',1,'[{\"added\": {}}]',12,1),(356,'2025-04-01 23:54:40.735528','269','Image for BenQ Zowie EC2-B Wired Esports Gaming Mouse',1,'[{\"added\": {}}]',12,1);
/*!40000 ALTER TABLE `django_admin_log` ENABLE KEYS */;
UNLOCK TABLES;

--
-- Table structure for table `django_content_type`
--

DROP TABLE IF EXISTS `django_content_type`;
/*!40101 SET @saved_cs_client     = @@character_set_client */;
/*!50503 SET character_set_client = utf8mb4 */;
CREATE TABLE `django_content_type` (
  `id` int NOT NULL AUTO_INCREMENT,
  `app_label` varchar(100) NOT NULL,
  `model` varchar(100) NOT NULL,
  PRIMARY KEY (`id`),
  UNIQUE KEY `django_content_type_app_label_model_76bd3d3b_uniq` (`app_label`,`model`)
) ENGINE=InnoDB AUTO_INCREMENT=13 DEFAULT CHARSET=utf8mb4 COLLATE=utf8mb4_0900_ai_ci;
/*!40101 SET character_set_client = @saved_cs_client */;

--
-- Dumping data for table `django_content_type`
--

LOCK TABLES `django_content_type` WRITE;
/*!40000 ALTER TABLE `django_content_type` DISABLE KEYS */;
INSERT INTO `django_content_type` VALUES (1,'admin','logentry'),(3,'auth','group'),(2,'auth','permission'),(4,'auth','user'),(5,'contenttypes','contenttype'),(11,'gg_lootbox','faq'),(7,'gg_lootbox','order'),(8,'gg_lootbox','product'),(10,'gg_lootbox','productdetail'),(12,'gg_lootbox','productimage'),(9,'gg_lootbox','review'),(6,'sessions','session');
/*!40000 ALTER TABLE `django_content_type` ENABLE KEYS */;
UNLOCK TABLES;

--
-- Table structure for table `django_migrations`
--

DROP TABLE IF EXISTS `django_migrations`;
/*!40101 SET @saved_cs_client     = @@character_set_client */;
/*!50503 SET character_set_client = utf8mb4 */;
CREATE TABLE `django_migrations` (
  `id` bigint NOT NULL AUTO_INCREMENT,
  `app` varchar(255) NOT NULL,
  `name` varchar(255) NOT NULL,
  `applied` datetime(6) NOT NULL,
  PRIMARY KEY (`id`)
) ENGINE=InnoDB AUTO_INCREMENT=28 DEFAULT CHARSET=utf8mb4 COLLATE=utf8mb4_0900_ai_ci;
/*!40101 SET character_set_client = @saved_cs_client */;

--
-- Dumping data for table `django_migrations`
--

LOCK TABLES `django_migrations` WRITE;
/*!40000 ALTER TABLE `django_migrations` DISABLE KEYS */;
INSERT INTO `django_migrations` VALUES (1,'contenttypes','0001_initial','2025-03-30 14:51:31.818690'),(2,'auth','0001_initial','2025-03-30 14:51:32.330346'),(3,'admin','0001_initial','2025-03-30 14:51:32.456893'),(4,'admin','0002_logentry_remove_auto_add','2025-03-30 14:51:32.474879'),(5,'admin','0003_logentry_add_action_flag_choices','2025-03-30 14:51:32.485883'),(6,'contenttypes','0002_remove_content_type_name','2025-03-30 14:51:32.578852'),(7,'auth','0002_alter_permission_name_max_length','2025-03-30 14:51:32.632031'),(8,'auth','0003_alter_user_email_max_length','2025-03-30 14:51:32.652524'),(9,'auth','0004_alter_user_username_opts','2025-03-30 14:51:32.659490'),(10,'auth','0005_alter_user_last_login_null','2025-03-30 14:51:32.702213'),(11,'auth','0006_require_contenttypes_0002','2025-03-30 14:51:32.704208'),(12,'auth','0007_alter_validators_add_error_messages','2025-03-30 14:51:32.711209'),(13,'auth','0008_alter_user_username_max_length','2025-03-30 14:51:32.778836'),(14,'auth','0009_alter_user_last_name_max_length','2025-03-30 14:51:32.842052'),(15,'auth','0010_alter_group_name_max_length','2025-03-30 14:51:32.858098'),(16,'auth','0011_update_proxy_permissions','2025-03-30 14:51:32.868782'),(17,'auth','0012_alter_user_first_name_max_length','2025-03-30 14:51:32.918034'),(18,'gg_lootbox','0001_initial','2025-03-30 14:51:32.934052'),(19,'gg_lootbox','0002_order_email','2025-03-30 14:51:32.970950'),(20,'sessions','0001_initial','2025-03-30 14:51:32.997204'),(21,'gg_lootbox','0003_product','2025-03-31 08:52:26.874141'),(22,'gg_lootbox','0004_faq_productdetail_review','2025-03-31 09:17:43.409828'),(23,'gg_lootbox','0005_productimage','2025-03-31 20:34:52.991021'),(24,'gg_lootbox','0006_remove_productdetail_images','2025-03-31 20:55:02.391998'),(25,'gg_lootbox','0007_alter_productimage_image','2025-03-31 21:31:52.762908'),(26,'gg_lootbox','0008_alter_productimage_image','2025-03-31 21:39:15.590956'),(27,'gg_lootbox','0009_alter_productimage_image','2025-03-31 21:49:48.565948');
/*!40000 ALTER TABLE `django_migrations` ENABLE KEYS */;
UNLOCK TABLES;

--
-- Table structure for table `django_session`
--

DROP TABLE IF EXISTS `django_session`;
/*!40101 SET @saved_cs_client     = @@character_set_client */;
/*!50503 SET character_set_client = utf8mb4 */;
CREATE TABLE `django_session` (
  `session_key` varchar(40) NOT NULL,
  `session_data` longtext NOT NULL,
  `expire_date` datetime(6) NOT NULL,
  PRIMARY KEY (`session_key`),
  KEY `django_session_expire_date_a5c62663` (`expire_date`)
) ENGINE=InnoDB DEFAULT CHARSET=utf8mb4 COLLATE=utf8mb4_0900_ai_ci;
/*!40101 SET character_set_client = @saved_cs_client */;

--
-- Dumping data for table `django_session`
--

LOCK TABLES `django_session` WRITE;
/*!40000 ALTER TABLE `django_session` DISABLE KEYS */;
INSERT INTO `django_session` VALUES ('nj4ciybkmprbodm1cdjxsivxmsx182xr','.eJxVjMsOwiAQRf-FtSGlPIa6dO83kGEGpGogKe3K-O_apAvd3nPOfYmA21rC1tMSZhZnocTpd4tIj1R3wHestyap1XWZo9wVedAur43T83K4fwcFe_nWhh0ZazSwnwAduNETZG0ZzBCBPPqkaFSDYgBUNqVsLU5ag8mIzlnx_gDJezdX:1tzL6s:zVwOYDwt9EPvggc42tSGMomhdna_QlA_VtCMxl-1Goo','2025-04-14 19:47:50.128686'),('yxeysy41eg4g8pfls2kszcevutspso2w','.eJxVjMsOwiAQRf-FtSGlPIa6dO83kGEGpGogKe3K-O_apAvd3nPOfYmA21rC1tMSZhZnocTpd4tIj1R3wHestyap1XWZo9wVedAur43T83K4fwcFe_nWhh0ZazSwnwAduNETZG0ZzBCBPPqkaFSDYgBUNqVsLU5ag8mIzlnx_gDJezdX:1tzAT5:JUTj4fMbSmlrpDCQ1CdbGH1q0kMsYlAf9RAMfJl4Hw4','2025-04-14 08:26:03.851189');
/*!40000 ALTER TABLE `django_session` ENABLE KEYS */;
UNLOCK TABLES;

--
-- Table structure for table `gg_lootbox_faq`
--

DROP TABLE IF EXISTS `gg_lootbox_faq`;
/*!40101 SET @saved_cs_client     = @@character_set_client */;
/*!50503 SET character_set_client = utf8mb4 */;
CREATE TABLE `gg_lootbox_faq` (
  `id` bigint NOT NULL AUTO_INCREMENT,
  `question` varchar(255) NOT NULL,
  `answer` longtext NOT NULL,
  `product_id` bigint NOT NULL,
  PRIMARY KEY (`id`),
  KEY `gg_lootbox_faq_product_id_3f03ce21_fk_gg_lootbox_product_id` (`product_id`),
  CONSTRAINT `gg_lootbox_faq_product_id_3f03ce21_fk_gg_lootbox_product_id` FOREIGN KEY (`product_id`) REFERENCES `gg_lootbox_product` (`id`)
) ENGINE=InnoDB AUTO_INCREMENT=277 DEFAULT CHARSET=utf8mb4 COLLATE=utf8mb4_0900_ai_ci;
/*!40101 SET character_set_client = @saved_cs_client */;

--
-- Dumping data for table `gg_lootbox_faq`
--

LOCK TABLES `gg_lootbox_faq` WRITE;
/*!40000 ALTER TABLE `gg_lootbox_faq` DISABLE KEYS */;
INSERT INTO `gg_lootbox_faq` VALUES (9,'What is the weight capacity of this chair?','The AKRacing Core Series EX supports up to 180kg.',3),(10,'Does this chair have lumbar support?','Yes, it comes with a lumbar pillow that provides additional support for your lower back.',3),(11,'Is this chair suitable for tall people?','Yes, the AKRacing Core Series EX is designed with an adjustable height and wide backrest, making it suitable for users up to 6\'5\" tall.',3),(12,'What materials are used in this chair?','The chair features a durable, high-quality steel frame, breathable fabric upholstery, and high-density foam padding for comfort.',3),(13,'What is the weight capacity of this chair?','The AKRacing Core Series EX supports up to 180kg.',4),(14,'Does this chair come with adjustable armrests?','Yes, the AKRacing Core Series EX features 3D adjustable armrests for height, depth, and rotation adjustment.',4),(15,'Is this chair suitable for tall individuals?','Yes, it is designed to support users up to 6\'5\" tall, providing ample back support and comfort.',4),(16,'How easy is it to assemble the chair?','The AKRacing Core Series EX comes with a detailed assembly manual and should take approximately 30-45 minutes to assemble.',4),(20,'What is the weight capacity of this chair?','The Cougar Explore S supports up to 120kg.',6),(21,'Does it come with a headrest and lumbar support?','Yes, both headrest and lumbar pillows are included in the package.',6),(22,'How far does the chair recline?','It reclines up to 155°, allowing you to relax during breaks.',6),(27,'Does the DXRacer Master Series support 4D armrests?','Yes, the chair includes 4D adjustable armrests with padded tops for comfort.',8),(28,'What material is used for the upholstery?','It’s wrapped in premium microfiber leather for durability and softness.',8),(29,'Can I lock the recline at any angle?','Yes, the recline mechanism allows you to lock it at your preferred angle up to 155°.',8),(30,'Are replacement parts like wheels or covers available?','Yes, magnetic panels and replacement parts are available through DXRacer support.',8),(31,'What is the weight capacity of the GT OMEGAPRO?','It supports up to 150kg thanks to its steel frame and class-4 gas lift.',9),(32,'Are the armrests adjustable in all directions?','Yes, they are 4D adjustable – height, depth, angle, and rotation.',9),(33,'Does the chair come assembled?','No, basic assembly is required and all tools are included in the box.',9),(34,'Is the backrest angle lockable?','Yes, you can lock the recline at any angle between 90° and 160°.',9),(35,'Is the Razer Iskur X good for long hours?','Yes, it\'s ergonomically built with lumbar support for all-day comfort.',10),(36,'Are the armrests fully adjustable?','They are 2D adjustable – height and pivot only.',10),(37,'Does this come with a headrest?','No, it does not include a separate headrest pillow.',10),(38,'What is the maximum tilt angle?','It supports up to 139° backrest recline.',10),(39,'Does this chair come with a footrest?','Yes, it includes a built-in retractable footrest for added comfort.',11),(40,'Are the armrests adjustable?','No, the armrests are fixed but come padded for support.',11),(41,'What is the maximum weight capacity?','It supports up to 120kg with its durable class-3 gas lift.',11),(42,'Can I lock the chair at any recline angle?','Yes, the backrest recline can be locked at your preferred angle up to 155°.',11),(43,'Is the headrest pillow magnetic?','Yes, it uses magnets for easy adjustment and features memory foam with cooling gel.',12),(44,'Are the armrests replaceable?','Yes, they are magnetic and can be swapped with other Secretlab armrest tops.',12),(45,'What is the recline range of this chair?','You can recline up to 165° using the multi-tilt recline lever.',12),(46,'Does it support tall or heavy users?','Yes, it comes in different sizes and supports up to 130kg comfortably.',12),(51,'Does the Asus ROG Ally support external GPU?','Yes, it supports external GPU via the ROG XG Mobile interface.',14),(52,'Can I install PC games from Steam or Epic?','Yes, it\'s a Windows 11 device and supports all PC game platforms.',14),(53,'What is the refresh rate of the screen?','It has a 120Hz full HD 7-inch display with touch support.',14),(54,'Is it good for emulation and cloud gaming?','Yes, it\'s perfect for both — runs emulators smoothly and supports Xbox Cloud Gaming.',14),(55,'Can I install Android apps on this?','Yes, it supports Google Play so you can install compatible Android apps.',15),(56,'Is this meant only for cloud gaming?','It\'s optimized for cloud gaming but can run local Android apps too.',15),(57,'Does it support Xbox remote play?','Yes, you can stream games directly from your Xbox console over Wi-Fi.',15),(58,'How long does the battery last?','You can expect over 12 hours of usage with regular gaming.',15),(59,'Can I connect the Switch Lite to a TV?','No, the Switch Lite is only for handheld gaming and doesn’t support TV output.',16),(60,'Can I play all Switch games on it?','You can play all games that support handheld mode. Some games may require external Joy-Cons.',16),(61,'Does it support multiplayer?','Yes, it supports local wireless and online multiplayer when connected to the internet.',16),(62,'How long does the battery last?','Depending on the game, battery lasts between 3 to 7 hours on a full charge.',16),(63,'Is the OLED Switch compatible with old Switch games?','Yes, it plays all Nintendo Switch physical and digital games.',17),(64,'Can I connect the Switch OLED to a TV?','Yes, it includes a dock with HDMI and a new LAN port for TV play and wired internet.',17),(65,'How long does the battery last?','Depending on the game, it lasts between 4.5 to 9 hours.',17),(66,'Does it come with Joy-Cons?','Yes, detachable Joy-Cons are included and support motion control and HD rumble.',17),(67,'Does the PS5 support PS4 games?','Yes, the PS5 is backward compatible with most PS4 games and accessories.',19),(68,'Can I upgrade the internal storage?','Yes, the PS5 has an M.2 slot for storage expansion.',19),(69,'Is a physical disc drive included?','Yes, this is the Disc Edition and it includes a 4K Ultra HD Blu-ray drive.',19),(70,'Does the PS5 support 4K and 120Hz gaming?','Yes, it supports 4K resolution with up to 120Hz on supported displays.',19),(71,'Can the Steam Deck run non-Steam games?','Yes, you can install third-party launchers and games using desktop mode.',19),(72,'Does it support external displays?','Yes, via USB-C dock you can connect monitors, TVs, and even keyboards/mice.',19),(73,'Is the storage expandable?','Yes, it has a microSD slot and supports external SSDs via USB-C.',19),(74,'Can I use mods and emulators?','Absolutely. The device supports mods, emulators, and even Linux apps in desktop mode.',19),(75,'Can the Steam Deck run non-Steam games?','Yes, you can install third-party launchers and games using desktop mode.',20),(76,'Does it support external displays?','Yes, via USB-C dock you can connect monitors, TVs, and even keyboards/mice.',20),(77,'Is the storage expandable?','Yes, it has a microSD slot and supports external SSDs via USB-C.',20),(78,'Can I use mods and emulators?','Absolutely. The device supports mods, emulators, and even Linux apps in desktop mode.',20),(83,'Does the Xbox Series S support physical discs?','No, the Series S is a digital-only console and doesn’t include a disc drive.',22),(84,'Can I play Xbox One games on Series S?','Yes, it supports thousands of Xbox One, Xbox 360, and original Xbox games.',22),(85,'Can I expand the storage?','Yes, you can use a Seagate Expansion Card or an external SSD via USB.',22),(86,'Does it support 4K and 120fps?','It supports upscaled 4K and up to 120fps on supported titles and displays.',22),(87,'Does Xbox Series X support physical game discs?','Yes, it includes a 4K UHD Blu-ray drive for discs and movies.',23),(88,'Can I play Xbox One games on Series X?','Yes, it supports full backward compatibility with Xbox One, 360, and OG Xbox titles.',23),(89,'Does it come with expandable storage?','Yes, you can expand using the Seagate Storage Expansion Card or external drives.',23),(90,'Is it compatible with Nintendo Switch?','Yes, it works seamlessly with Nintendo Switch in Bluetooth mode.',24),(91,'Can I remap buttons or adjust triggers?','Yes, using the 8BitDo Ultimate Software, you can remap everything.',24),(92,'Does it support Windows and Android?','Absolutely. It supports Windows 10/11, Android phones, tablets, and TV boxes.',24),(93,'How do I switch between platforms?','Hold the profile switch and press the correct button combo as per the manual.',24),(94,'Does this controller work with Windows 10?','Yes, it’s fully compatible with Windows XP, 7, 8, and 10.',25),(95,'Does it come with vibration feedback?','Yes, it includes dual motor vibration for supported games.',25),(96,'Can I use it on Android?','Yes, with an OTG cable, it works with many Android games and emulators.',25),(97,'Is this a Bluetooth controller?','No, it uses a 2.4GHz wireless nano receiver, not Bluetooth.',25),(98,'Is this compatible with the Switch OLED?','Yes, it works with all Switch models including OLED, Lite, and standard.',26),(99,'Does it have motion controls?','Yes, motion controls are fully supported for compatible games.',26),(100,'Can I use this while charging?','Yes, you can use it while charging via USB-C.',26),(101,'How long does the battery last?','You get around 10 to 12 hours of gameplay on a single charge.',26),(102,'Is it compatible with PC?','Yes, you can use it on PC via USB cable or Bluetooth (some features may vary).',27),(103,'How long does the battery last?','Up to 40 hours on a full charge depending on usage and vibration settings.',27),(104,'Can I scan Amiibo with this controller?','Yes, the controller has an NFC reader built into the top of the right stick.',27),(105,'Does it support motion controls?','Yes, motion controls are supported and work perfectly with compatible games.',27),(106,'Is the controller compatible with PS5?','Yes, it\'s officially licensed and fully compatible with PS5, PS4, and PC.',28),(107,'Does it support wired play?','Yes, it can be used wired via USB-C with zero input lag.',28),(108,'Can I remap the back buttons?','Yes, all back buttons are mappable through the controller or PC software.',28),(109,'What’s the battery life like?','It offers over 20 hours of wireless gameplay per charge.',28),(110,'Is this controller wireless?','No, it uses a detachable USB-C cable for wired stability and ultra-low latency.',31),(111,'Does it work with Xbox Series X?','Yes, it\'s fully compatible with Xbox Series X|S, Xbox One, and PC.',31),(112,'Can I customize buttons?','Yes, it supports remapping of 6 extra buttons via the Razer Controller app.',31),(113,'Does it have vibration?','Yes, it has powerful haptic feedback and trigger stops for FPS control.',31),(114,'Is the SCUF Reflex Pro compatible with PS5?','Yes, it\'s designed specifically for PS5 and also works on PC.',32),(115,'Can I remap the rear paddles?','Yes, paddles are remappable directly on the controller without software.',32),(116,'How long does the battery last?','It lasts around 12 to 15 hours depending on usage.',32),(117,'Does it support haptic feedback and adaptive triggers?','Yes, both features are fully supported on PS5 games.',32),(118,'Is this compatible with PS4?','No, DualSense is officially compatible with PS5 and PC, but not PS4.',33),(119,'Does it support Bluetooth connection to PC?','Yes, it works via Bluetooth on PC but adaptive features may not be supported.',33),(120,'How long does the battery last?','Battery lasts around 10–12 hours on a full charge depending on usage.',33),(121,'Does it have a built-in mic?','Yes, it has a mic and a 3.5mm audio jack for headsets.',33),(122,'Is it compatible with Xbox Series X?','Yes, it works with Xbox Series X|S, Xbox One, and Windows PCs.',34),(123,'Does the controller include swappable components?','Yes, it includes multiple thumbsticks, D-pads, and paddles for full customization.',34),(124,'How many profiles can I save?','You can save up to 3 profiles and switch between them using the profile button.',34),(125,'How long does the battery last?','It offers up to 40 hours of playtime on a full charge.',34),(126,'Is this compatible with PS5 and Xbox?','Yes, it works with all major platforms via 3.5mm or adapters.',36),(127,'Can the mic be removed?','No, the mic is fixed but very durable and includes a pop filter.',36),(128,'Is it good for music production as well?','Absolutely. It offers studio-quality audio suitable for gaming and production.',36),(129,'Does it need an amp?','No, its 32-ohm impedance works great even with mobile and console devices.',36),(130,'Does this support Bluetooth and gaming audio at once?','Yes, you can simultaneously use Bluetooth and Slipstream Wireless audio.',37),(131,'Is it compatible with PS5?','Yes, it\'s compatible via USB or 3.5mm jack on PS5.',37),(132,'Can I use it wired?','Yes, it supports USB wired and 3.5mm analog modes.',37),(133,'How is the microphone quality?','It features a broadcast-grade detachable mic with excellent clarity.',37),(134,'Does this headset have a closed or open design?','It features an open acoustic design for a wider, more natural soundstage.',38),(135,'Is the microphone detachable?','Yes, the boom mic is detachable and features a lift-to-mute function.',38),(136,'Is it compatible with PS5 and Xbox?','Yes, it works with both consoles using the included 3.5mm cables.',38),(137,'Does it need any software or drivers?','No software is required — it\'s completely plug-and-play.',38),(138,'Does this work on PS5 and Xbox?','Yes, via the 3.5mm connection it works on all consoles and mobile devices.',39),(139,'Can I detach the mic?','Yes, the microphone is detachable and has noise cancellation built-in.',39),(140,'Is virtual 7.1 surround sound available on console?','No, 7.1 surround works only on PC and Mac via the USB sound card.',39),(141,'Is this good for long use?','Absolutely. Memory foam and lightweight build make it ideal for long sessions.',39),(142,'Is this compatible with PS5?','Yes, via 3.5mm jack it works on PS5, Xbox, Switch, and mobile.',40),(143,'Does it include two types of earpads?','Yes, both leatherette and velour memory foam ear cushions are included.',40),(144,'Can I use the 7.1 surround on console?','7.1 surround is PC-only via the USB sound card and Logitech G HUB software.',40),(145,'How is the mic performance?','Excellent — Blue VO!CE provides studio-quality clarity with real-time tuning.',40),(150,'Is this compatible with PS5 and Xbox?','Yes, via the 3.5mm jack it works with all consoles and mobile devices.',43),(151,'Does it support 7.1 surround?','It supports THX Spatial Audio, available only on PC via USB sound card.',43),(152,'Can I remove the mic?','Yes, the HyperClear mic is fully detachable.',43),(153,'Are the ear cushions replaceable?','Yes, they can be removed and replaced if needed.',43),(154,'Can I use it on both PC and PS5?','Yes, it works perfectly with PC, PS5, Xbox, and even mobile via 3.5mm or Bluetooth.',44),(155,'Does it support mic monitoring or sidetone?','Yes, the headset supports mic monitoring through the companion app.',44),(156,'Is it comfortable for long hours?','Absolutely. It features soft memory foam and lightweight build for extended use.',44),(157,'Can I use this headset while charging?','Yes, it works in wired mode while charging over USB-C.',44),(158,'Does this headset support simultaneous Bluetooth and game audio?','Yes, it supports dual wireless — 2.4GHz and Bluetooth can run at the same time.',45),(159,'Can I replace the batteries?','Yes, it includes 2 swappable batteries with a charging bay inside the DAC.',45),(160,'Is the GameDAC included?','Yes, the Nova Pro Wireless includes the GameDAC Gen 2 in the box.',45),(161,'Is this compatible with PS5?','Yes, it works with PC, PS5, Switch, and even mobile devices.',45),(162,'Is this headset compatible with PS5 and Xbox?','Yes, it works on both platforms, just ensure you\'re using the correct wireless adapter model.',46),(163,'How long does the battery last?','Up to 20 hours on a full charge with USB-C fast charging.',46),(164,'Can I use Bluetooth and wireless audio at the same time?','Yes, you can mix game audio with phone calls or music using dual wireless mode.',46),(165,'Does it support surround sound?','Yes, it supports DTS Headphone:X for immersive spatial audio on supported platforms.',46),(166,'Does this work with Xbox Series X?','Yes, it is specifically designed for Xbox Series X|S and Xbox One.',47),(167,'How does the Base Station work?','It handles audio transmission and also charges the headset via magnetic docking.',47),(168,'Can you customize audio settings?','Yes, EQ and mic settings can be customized using the Astro Command Center software.',47),(169,'Does it support simultaneous game and chat audio?','Yes, it has Game:Voice balance control built-in for seamless adjustment.',47),(170,'Are the switches hot-swappable?','No, the OPX optical switches are not hot-swappable but are extremely durable.',48),(171,'Can the macro keys be used with Stream Deck?','Yes, they’re compatible with Elgato Stream Deck software for full functionality.',48),(172,'Is it compatible with macOS?','Yes, though some advanced functions like iCUE may be limited on Mac.',48),(173,'Does it include a wrist rest?','Yes, it comes with a detachable cushioned wrist rest for added comfort.',48),(174,'Are the switches hot-swappable?','Yes, the Ducky One 3 supports hot-swappable switches with no soldering required.',49),(175,'What type of keycaps does it come with?','It features high-quality double-shot PBT keycaps with shine-through legends.',49),(176,'Does it need software for lighting?','No software is required — all lighting and macros can be controlled onboard.',49),(177,'Is it compatible with Mac?','Yes, it\'s plug-and-play with macOS, but some advanced functions may be Windows-only.',49),(178,'Does it support software customization?','Yes, you can customize lighting and macros using HyperX NGENUITY software.',50),(179,'Is the cable detachable?','Yes, it includes a detachable USB-C braided cable.',50),(180,'What kind of switches does it use?','It uses HyperX Red linear mechanical switches — smooth and fast.',50),(181,'Can I use it without software?','Yes, it supports onboard profile storage for up to 3 configurations.',50),(182,'Does it work wired if the battery is low?','Yes, you can use it wired with the included USB-C cable while charging.',51),(183,'Are there different switch options?','Yes, the G915 is available in GL Tactile, GL Linear, and GL Clicky switch variants.',51),(184,'Can I pair it with mobile devices?','Yes, you can use the Bluetooth mode to connect to phones, tablets, and other devices.',51),(185,'Does it support macros?','Yes, you can assign macros through Logitech G HUB software.',51),(186,'Are the switches hot-swappable?','No, the Razer Linear Optical switches are not hot-swappable.',53),(187,'Does it come with a wrist rest?','Yes, a magnetic wrist rest with plush leatherette is included.',53),(188,'Is it compatible with macOS?','It works with macOS, but full Synapse functionality may be limited.',53),(189,'Does it support onboard profile storage?','Yes, it supports up to 5 onboard profiles without using Synapse.',53),(190,'Are the Titan switches clicky?','This model comes with tactile switches that are quiet yet responsive, not clicky.',54),(191,'Is the RGB lighting customizable?','Yes, using Roccat Swarm software, you can fully customize the RGB lighting and effects.',54),(192,'Does it support onboard macros?','Yes, you can assign and save macros using the software and use them directly onboard.',54),(193,'Can I remove the wrist rest?','Yes, the palm rest is detachable and optional.',54),(194,'Can I customize the actuation for every key?','Yes, each key with OmniPoint switches can be individually customized between 0.4mm to 3.6mm.',55),(195,'Is the wrist rest included?','Yes, it comes with a magnetic detachable soft-touch wrist rest.',55),(196,'Does the OLED screen show Discord or system info?','Yes, the OLED display supports Discord, game info, system stats, and more.',55),(197,'Is this compatible with macOS?','Yes, it works with macOS, but some advanced functions may require SteelSeries Engine on Windows.',55),(198,'What is analog input on a keyboard?','Analog input lets you press keys with variable intensity — like a joystick — ideal for racing, stealth, and FPS games.',56),(199,'Can I use this keyboard without software?','Yes, it works plug-and-play, but advanced features like rapid trigger and RGB need Wootility software.',56),(200,'Does it support hot-swappable switches?','Yes, Lekker switches are hot-swappable with other compatible magnetic switches.',56),(201,'Is this good for typing too?','Yes, the Lekker switches offer smooth keystrokes and low fatigue for long typing sessions.',56),(202,'Is this monitor compatible with NVIDIA G-SYNC?','Yes, it is G-SYNC compatible and supports variable refresh rate.',57),(203,'Can it be used for consoles like PS5 or Xbox?','Yes, it supports HDMI input and performs well with modern consoles.',57),(204,'Is the stand adjustable?','Yes, the stand supports tilt, swivel, height, and pivot adjustments.',57),(205,'Does it support HDR?','Yes, it\'s VESA DisplayHDR 400 certified for enhanced visual performance.',57),(206,'Does it support NVIDIA G-SYNC?','Yes, it is G-SYNC compatible and officially supports AMD FreeSync Premium Pro as well.',58),(207,'Can I use it with a MacBook Pro?','Yes, you can connect via DisplayPort or HDMI, though ultrawide resolution support depends on the Mac model.',58),(208,'Is there any risk of OLED burn-in?','Alienware includes built-in features like pixel refresh and screen shifting to minimize burn-in risk.',58),(209,'Is the stand height adjustable?','Yes, the stand supports height, tilt, swivel, and pivot adjustments for ergonomic comfort.',58),(210,'Is this monitor G-SYNC compatible?','Yes, while it\'s AMD FreeSync Premium Pro certified, it is also G-SYNC compatible.',59),(211,'Does it support HDR content?','Yes, it is VESA DisplayHDR 400 certified for enhanced contrast and dynamic range.',59),(212,'Can I wall-mount this monitor?','Yes, it has VESA mounting support for wall or arm mounting.',59),(213,'Is this suitable for PS5 or Xbox Series X?','Yes, it supports HDMI input and handles QHD resolutions well for console gaming.',59),(214,'What is DyAc+ and how does it help?','DyAc+ enhances motion clarity, making fast-moving actions like spraying more visible.',60),(215,'Does it have G-SYNC or FreeSync?','It does not support G-SYNC or FreeSync, as it is tuned for raw FPS performance.',60),(216,'Can I adjust the monitor height and angle?','Yes, it offers full height, tilt, swivel, and pivot adjustments.',60),(217,'Is the shield/hood included?','Yes, it comes with detachable side shields for a distraction-free environment.',60),(218,'Does this monitor support 4K 120Hz on PS5?','Yes, it has HDMI 2.1 ports that fully support 4K at 120Hz on PS5 and Xbox Series X.',61),(219,'Can the refresh rate be overclocked?','Yes, it can be overclocked from 144Hz to 160Hz via DisplayPort.',61),(220,'Is the stand adjustable?','Yes, it supports tilt, height, and swivel adjustments.',61),(221,'Does it have built-in speakers?','Yes, it has integrated stereo speakers for basic audio output.',61),(222,'Is this monitor G-SYNC compatible?','Yes, it supports NVIDIA G-SYNC Compatibility and AMD FreeSync Premium Pro.',62),(223,'Does it support HDR content?','Yes, it is VESA DisplayHDR 600 certified for enhanced HDR performance.',62),(224,'What ports are available?','It includes DisplayPort 1.4, HDMI, USB 3.0, and headphone out.',62),(225,'Is the stand fully adjustable?','Yes, you can adjust height, tilt, and pivot the display.',62),(226,'Does it support G-SYNC or FreeSync?','It supports Adaptive-Sync which works with both NVIDIA and AMD GPUs.',63),(227,'What cables are included in the box?','The box includes a DisplayPort cable and power adapter.',63),(228,'Can I mount it on a wall?','Yes, it has a VESA 100x100mm mount compatibility.',63),(229,'Is the screen matte or glossy?','It has an anti-glare matte finish for reduced reflections.',63),(230,'Does it support G-SYNC or FreeSync?','Yes, it supports Adaptive-Sync which is compatible with both technologies.',64),(231,'What’s the difference from the QD model?','This variant does not include Quantum Dot, but still has great color with Rapid IPS.',64),(232,'Is it VESA mountable?','Yes, it supports standard 100x100mm VESA mounting.',64),(233,'Does it come with a DisplayPort cable?','Yes, DisplayPort cable is included in the box.',64),(234,'Does this support 4K 120Hz on PS5?','Yes, via HDMI 2.1 it supports 4K 120Hz for next-gen consoles like PS5 and Xbox Series X.',65),(235,'Is it G-SYNC compatible?','Yes, it supports G-SYNC and FreeSync Premium Pro for smooth, tear-free gaming.',65),(236,'Can you wall mount this monitor?','Yes, it supports 100x100mm VESA wall mounting.',65),(237,'Does it support wireless charging?','Yes, it supports Qi wireless charging for convenient cable-free recharging.',66),(238,'Can I use it wired while charging?','Yes, it can be used in wired mode while charging via USB.',66),(239,'Is it compatible with macOS?','Yes, it works on macOS, but advanced customization features may require Windows-based iCUE software.',66),(240,'How many buttons can I program?','You can program all 8 buttons using Corsair iCUE software.',66),(241,'How much does the Glorious Model O weigh?','67g for the matte finish and 68g for the glossy finish.',67),(242,'Is this mouse good for FPS games?','Yes, it’s designed for competitive FPS with lightweight speed and high precision.',67),(243,'Does it support custom DPI settings?','Yes, you can adjust DPI up to 12,000 using software or onboard profiles.',67),(244,'Is it compatible with macOS?','Yes, it works on macOS, though Glorious Core software is Windows-only.',67),(245,'Does it have onboard memory?','No, settings are saved via HyperX NGENUITY software, not onboard.',68),(246,'Is the cable detachable?','No, the HyperFlex cable is permanently attached but highly flexible.',68),(247,'Can the DPI be adjusted?','Yes, DPI can be adjusted up to 16,000 via software or DPI button.',68),(248,'Is it suitable for small hands?','Yes, the compact shape and lightweight make it ideal for small to medium hands.',68),(249,'Is this mouse truly wireless?','Yes, it uses Logitech’s LIGHTSPEED wireless tech for ultra-low latency performance.',69),(250,'Does it support RGB lighting?','No, the Superlight is focused on competitive performance and does not include RGB.',69),(251,'What’s the weight of the mouse?','It weighs under 63 grams, making it one of the lightest pro-grade wireless mice.',69),(252,'Can I adjust DPI settings?','Yes, via Logitech G HUB software you can set DPI between 100 and 25,600.',69),(253,'Is the RGB lighting customizable?','Yes, the RGB lighting can be fully customized using Logitech G HUB software.',70),(254,'What DPI levels are supported?','You can customize DPI from 200 up to 8,000.',70),(255,'Is this good for FPS games?','Yes, it’s suitable for FPS and other genres, especially for entry-level gamers.',70),(256,'Does it work without installing software?','Yes, it works out of the box. Software is optional for customization.',70),(257,'Does it support PowerPlay wireless charging?','Yes, the G502 X Plus is fully compatible with Logitech PowerPlay wireless charging system.',71),(258,'Are the switches mechanical or optical?','It uses LIGHTFORCE hybrid switches — optical for speed and mechanical for tactile feedback.',71),(259,'How many programmable buttons does it have?','There are 13 programmable buttons, including a DPI-shift button you can reposition.',71),(260,'Can I use it while charging?','Yes, it works in wired mode via USB-C while charging.',71),(261,'Does this support 4000Hz polling rate?','Yes, but only with the separately sold Razer HyperPolling Wireless Dongle.',72),(262,'Can I use it while charging?','Yes, it comes with a USB-C Speedflex cable for wired usage while charging.',72),(263,'Is it suitable for palm grip users?','Yes, the ergonomic shape is ideal for palm and claw grip players.',72),(264,'Does it have RGB lighting?','No, the V3 Pro is a performance-focused mouse without RGB for max battery life.',72),(265,'Does the Kone Pro Air support Bluetooth?','Yes, it supports both Bluetooth and 2.4GHz wireless connections.',73),(266,'Is the battery rechargeable?','Yes, it charges via USB-C and supports rapid charging.',73),(267,'Is the RGB lighting customizable?','Yes, lighting can be customized via Roccat Swarm software.',73),(268,'Can I use it wired?','Yes, it works in wired mode while charging via USB-C.',73),(269,'Does it work on Mac and Windows?','Yes, it’s compatible with both platforms, though SteelSeries GG software is Windows/macOS only.',74),(270,'Can I use it while charging?','Yes, it works in wired mode via USB-C while charging.',74),(271,'Is it suitable for small hands?','Yes, but it\'s best suited for medium to large hands due to its ergonomic shape.',74),(272,'Does it have onboard memory?','Yes, it stores profiles onboard for DPI and keybinds even without software.',74),(273,'Does it have onboard memory?','It doesn’t store profiles — it uses hardware switches instead for DPI and polling rate.',75),(274,'Can I change the DPI settings?','Yes, there’s a switch on the bottom with 4 DPI presets: 400/800/1600/3200.',75),(275,'What grip style is it best for?','It\'s optimized for claw and palm grip users, especially in FPS games.',75),(276,'Does this mouse require any software?','No, it\'s fully plug-and-play. No drivers or software needed.',75);
/*!40000 ALTER TABLE `gg_lootbox_faq` ENABLE KEYS */;
UNLOCK TABLES;

--
-- Table structure for table `gg_lootbox_order`
--

DROP TABLE IF EXISTS `gg_lootbox_order`;
/*!40101 SET @saved_cs_client     = @@character_set_client */;
/*!50503 SET character_set_client = utf8mb4 */;
CREATE TABLE `gg_lootbox_order` (
  `id` bigint NOT NULL AUTO_INCREMENT,
  `order_id` varchar(100) NOT NULL,
  `name` varchar(100) NOT NULL,
  `phone` varchar(20) NOT NULL,
  `street` longtext NOT NULL,
  `city` varchar(100) NOT NULL,
  `state` varchar(100) NOT NULL,
  `pincode` varchar(20) NOT NULL,
  `payment_method` varchar(50) NOT NULL,
  `subtotal` double NOT NULL,
  `discount` double NOT NULL,
  `delivery_charge` double NOT NULL,
  `total` double NOT NULL,
  `coupon` varchar(100) DEFAULT NULL,
  `created_at` datetime(6) NOT NULL,
  `email` varchar(254) NOT NULL,
  PRIMARY KEY (`id`),
  UNIQUE KEY `order_id` (`order_id`)
) ENGINE=InnoDB AUTO_INCREMENT=7 DEFAULT CHARSET=utf8mb4 COLLATE=utf8mb4_0900_ai_ci;
/*!40101 SET character_set_client = @saved_cs_client */;

--
-- Dumping data for table `gg_lootbox_order`
--

LOCK TABLES `gg_lootbox_order` WRITE;
/*!40000 ALTER TABLE `gg_lootbox_order` DISABLE KEYS */;
INSERT INTO `gg_lootbox_order` VALUES (1,'ORDER-UQ2APMWRG','sarvesh','9943197263','7/6 uppilipalayam police quarters addis street near audi showroom','Coimbatore','Tamil Nadu','641018','cod',5200,1560,0,3640,'WORKCOHOL','2025-03-30 15:24:47.378503','sarveshcpr5@gmail.com'),(2,'ORDER-YVIGG1WND','sarvesh','96457832','7/6 uppilipalayam police quarters addis street near audi showroom','Coimbatore','Tamil Nadu','641018','cod',8000,2400,0,5600,'WORKCOHOL','2025-03-30 15:56:07.678922','j.sathiyaseelan2003@gmail.com'),(3,'ORDER-T8ZK8JIOB','sat','74185963','7/6 uppilipalayam police quarters addis street near audi showroom','Coimbatore','Tamil Nadu','641018','cod',2400,0,150,2550,'','2025-03-30 16:01:11.266851','j.sathiyaseelan2003@gmail.com'),(4,'ORDER-ZU943AK8','Sarvesh','9943197263','7/6 uppilipalayam police quarters addis street near audi showroom','Coimbatore','Tamil Nadu','641018','upi',2400,720,150,1830,'WORKCOHOL','2025-03-31 08:02:12.504609','j.sathiyaseelan2003@gmail.com'),(5,'ORDER-MKFA4WRGX','Sarvesh','9943197263','7/6 uppilipalayam police quarters addis street near audi showroom','Coimbatore','Tamil Nadu','641018','upi',2400,720,150,1830,'WORKCOHOL','2025-03-31 08:02:31.824549','j.sathiyaseelan2003@gmail.com'),(6,'ORDER-9P1G7A7LG','Sarvesh','9943112365','SR nagar, Mangalam road','Tiruppur','Tamilnadu','641687','cod',66197,19859.1,0,46337.9,'WORKCOHOL','2025-04-02 12:20:07.582356','j.sathiyaseelan2003@gmail.com');
/*!40000 ALTER TABLE `gg_lootbox_order` ENABLE KEYS */;
UNLOCK TABLES;

--
-- Table structure for table `gg_lootbox_product`
--

DROP TABLE IF EXISTS `gg_lootbox_product`;
/*!40101 SET @saved_cs_client     = @@character_set_client */;
/*!50503 SET character_set_client = utf8mb4 */;
CREATE TABLE `gg_lootbox_product` (
  `id` bigint NOT NULL AUTO_INCREMENT,
  `slug` varchar(50) NOT NULL,
  `title` varchar(255) NOT NULL,
  `category` varchar(100) NOT NULL,
  `price` double NOT NULL,
  `description` longtext NOT NULL,
  `image` varchar(100) NOT NULL,
  PRIMARY KEY (`id`),
  UNIQUE KEY `slug` (`slug`)
) ENGINE=InnoDB AUTO_INCREMENT=76 DEFAULT CHARSET=utf8mb4 COLLATE=utf8mb4_0900_ai_ci;
/*!40101 SET character_set_client = @saved_cs_client */;

--
-- Dumping data for table `gg_lootbox_product`
--

LOCK TABLES `gg_lootbox_product` WRITE;
/*!40000 ALTER TABLE `gg_lootbox_product` DISABLE KEYS */;
INSERT INTO `gg_lootbox_product` VALUES (3,'andaseat-kaiser-3','AndaSeat Kaiser 3','Chair',34999,'Premium ergonomic gaming chair for pro-level comfort.','/media/products/andaseat_kaiser3_main.png'),(4,'akracing-core-series-ex','AKRacing Core Series EX','Chair',26999,'Premium ergonomic gaming chair for pro-level comfort.','/media/products/Product Images/Chairs/AKRacing Core Series EX/img1.png'),(6,'cougar-explore-s','Cougar Explore S','Chair',18999,'Ergonomic gaming chair with premium build and extended recline.','http://localhost:8000/media/products/Product Images/Chairs/Cougar Explore S/img1.png'),(8,'dxracer-master-series','DXRacer Master Series','Chair',35999,'Luxury gaming chair with microfiber leather, 4D armrests, and aluminum frame.','http://localhost:8000/media/products/Product Images/Chairs/DXRacer Master Series/img1.png'),(9,'gt-omegapro','GT OMEGAPRO','Chair',28999,'High-performance gaming chair with carbon-style finish and ergonomic adjustability.','http://localhost:8000/media/products/Product Images/Chairs/GT OMEGAPRO/img1.png'),(10,'razer-iskur-x','Razer Iskur X','Chair',27999,'Sleek ergonomic gaming chair with high-density foam and angled lumbar support.','http://localhost:8000/media/products/Product Images/Chairs/Razer Iskur X/img1.png'),(11,'respawn-110-racing-style','Respawn 110 Racing Style','Chair',21999,'Versatile racing-style gaming chair with footrest, recline, and full ergonomic support.','http://localhost:8000/media/products/Product Images/Chairs/Respawn 110 Racing Style/img1.png'),(12,'secretlab-titan-evo-2022-series','Secretlab Titan EVO 2022 Series','Chair',44999,'Flagship ergonomic gaming chair with advanced lumbar support and magnetic headrest.','http://localhost:8000/media/products/Product Images/Chairs/Secretlab Titan EVO 2022 Series/img1.png'),(14,'asus-rog-ally','Asus rog Ally','Gaming Accessory',59999,'Powerful handheld gaming console with Ryzen Z1 Extreme and 120Hz full HD display.','http://localhost:8000/media/products/Product Images/Gaming Accessory/Asus rog Ally/img1.png'),(15,'logitech-g-cloud','Logitech G Cloud','Gaming Accessory',29999,'Cloud-first handheld gaming device optimized for Xbox Cloud and GeForce NOW.','http://localhost:8000/media/products/Product Images/Gaming Accessory/Logitech G Cloud/img1.png'),(16,'nintendo-switch-lite','Nintendo Switch Lite','Gaming Accessory',19999,'Compact and lightweight handheld console designed for portable Nintendo gaming.','http://localhost:8000/media/products/Product Images/Gaming Accessory/Nintendo Switch Lite/img1.png'),(17,'nintendo-switch-oled','Nintendo Switch OLED','Gaming Accessory',30999,'Enhanced Nintendo Switch with a vibrant 7-inch OLED display, improved speakers, and wide kickstand.','http://localhost:8000/media/products/Product Images/Gaming Accessory/Nintendo Switch OLED/img1.png'),(19,'ps-5','PlayStation 5 (PS5) Console','Gaming Accessory',49999,'Next-gen PlayStation console with lightning-fast SSD, ray tracing, and DualSense controller.','http://localhost:8000/media/products/Product Images/Gaming Accessory/PS-5/img1.png'),(20,'valve-steam-deck','Valve Steam Deck','Gaming Accessory',46999,'Powerful handheld PC gaming console with full Steam support and custom AMD APU.','http://localhost:8000/media/products/Product Images/Gaming Accessory/Valve Steam deck/img1.png'),(22,'xbox-series-s','Xbox Series S','Gaming Accessory',34999,'Next-gen all-digital gaming console with fast load times, ray tracing, and up to 120fps gameplay.','http://localhost:8000/media/products/Product Images/Gaming Accessory/Xbox-Series S/img1.png'),(23,'xbox-series-x','Xbox Series X','Gaming Accessory',54999,'Microsoft’s most powerful console with true 4K gaming, 120fps support, and 1TB SSD.','http://localhost:8000/media/products/Product Images/Gaming Accessory/Xbox Series X/img1.png'),(24,'8bitdo-pro-2','8BitDo Pro 2 Bluetooth Controller','Controller',4599,'A versatile wireless gamepad with customizable profiles and wide compatibility.','http://localhost:8000/media/products/Product Images/Controllers/8bit/img1.png'),(25,'logitech-g-f710','Logitech G Wireless Gamepad F710','Controller',3199,'Reliable 2.4GHz wireless controller with dual vibration feedback and XInput/DirectInput support.','http://localhost:8000/media/products/Product Images/Controllers/Logitech G/img1.png'),(26,'nintendo-switch-pad','Nintendo Switch Pad','Controller',2999,'Ergonomic gamepad for Nintendo Switch with turbo function and motion control.','http://localhost:8000/media/products/Product Images/Controllers/Nintendo Switch Pad/img1.png'),(27,'nintendo-switch-pro','Nintendo Switch Pro Controller','Controller',5499,'Premium official wireless controller for Nintendo Switch with HD rumble and motion controls.','http://localhost:8000/media/products/Product Images/Controllers/Nintendo Switch Pro/img1.png'),(28,'pdp-victrix-pro','PDP Victrix Pro BFG Wireless Controller','Controller',999,'Premium pro-level modular wireless controller for competitive gaming on PS5, PS4, and PC.','http://localhost:8000/media/products/Product Images/Controllers/PDP Victrix Pro/img1.png'),(31,'razer-wolverine-v2-chroma','Razer Wolverine V2 Chroma Wired Controller','Controller',7999,'Pro-grade wired controller with Razer Chroma RGB, extra remappable buttons, and mecha-tactile action.','http://localhost:8000/media/products/Product Images/Controllers/Razor Wolverine/img1.png'),(32,'scuf-reflex-pro','SCUF Reflex Pro Wireless Controller','Controller',4999,'Elite wireless controller for PS5 and PC with 4 remappable paddles and advanced grip.','http://localhost:8000/media/products/Product Images/Controllers/SCUF/img1.png'),(33,'sony-dualsense','Sony DualSense Wireless Controller','Controller',5999,'Next-gen wireless controller for PS5 with adaptive triggers, haptic feedback, and built-in mic.','http://localhost:8000/media/products/Product Images/Controllers/Sony DualSense/img1.png'),(34,'xbox-elite-wireless','Xbox Elite Wireless Controller Series 2','Controller',4999,'Highly customizable pro-grade Xbox controller with interchangeable components and up to 40-hour battery life.','http://localhost:8000/media/products/Product Images/Controllers/Xbox Elite Wireless/img1.png'),(35,'xbox-powera-enhanced','Xbox PowerA Enhanced Wired Controller','Controller',2499,'Officially licensed wired controller for Xbox with dual rumble motors and programmable buttons.','http://localhost:8000/media/products/Product Images/Controllers/Xbox PowerA/img1.png'),(36,'beyerdynamic-mmx-300-pro','Beyerdynamic MMX 300 Pro Gaming Headset','Headphones',28999,'Audiophile-grade closed-back gaming headset with studio-quality sound and professional mic.','http://localhost:8000/media/products/Product Images/Headphones/Beyerdynamic MMX 300 Pro/img1.png'),(37,'corsair-virtuoso-xt','Corsair Virtuoso RGB Wireless XT Gaming Headset','Headphones',18999,'Premium wireless gaming headset with Hi-Res audio, dual wireless, and broadcast-grade microphone.','http://localhost:8000/media/products/Product Images/Headphones/Corsair Virtuso/img1.png'),(38,'epos-h6pro','EPOS H6PRO Gaming Headset','Headphones',13999,'Open acoustic gaming headset with detachable mic, lightweight build, and studio-grade audio.','http://localhost:8000/media/products/Product Images/Headphones/Epos H6PRO/img1.png'),(39,'hyperx-cloud-ii','HyperX Cloud II Gaming Headset','Headphones',7499,'Legendary wired gaming headset with virtual 7.1 surround sound, memory foam, and detachable mic.','http://localhost:8000/media/products/Product Images/Headphones/Hyper X Cloud 2/img1.png'),(40,'logitech-g-pro-x','Logitech G Pro X Gaming Headset','Headphones',9999,'Esports-grade wired headset with Blue VO!CE mic, 7.1 surround, and pro-tuned audio drivers.','http://localhost:8000/media/products/Product Images/Headphones/Logitech G Pro/img1.png'),(43,'razer-blackshark-v2','Razer BlackShark V2 Gaming Headset','Headphones',3599,'Esports-focused headset with THX Spatial Audio, TriForce titanium drivers, and detachable mic.','http://localhost:8000/media/products/Product Images/Headphones/Razor Blackshark V2/img1.png'),(44,'sony-izone','Sony IZONE Wireless Gaming Headset','Headphones',1499,'Immersive wireless gaming headset with 3D spatial sound, long battery life, and dual-mic setup.','http://localhost:8000/media/products/Product Images/Headphones/Sony IZONE/img1.png'),(45,'steelseries-arctis-nova-pro','SteelSeries Arctis Nova Pro Wireless','Headphones',2999,'Flagship dual-wireless gaming headset with active noise cancellation, GameDAC, and multi-platform support.','http://localhost:8000/media/products/Product Images/Headphones/SteelSeries Arctis/img1.png'),(46,'turtle-beach-stealth-700-gen2','Turtle Beach Stealth 700 Gen 2 Wireless Gaming Headset','Headphones',1999,'Premium wireless headset with Superhuman Hearing™, Bluetooth, 20-hour battery, and comfort-focused design.','http://localhost:8000/media/products/Product Images/Headphones/Turtle Beach Stealth/img1.png'),(47,'astro-a50-xbox','Astro A50 Wireless Gaming Headset for Xbox Series X|S','Headphones',3999,'Premium wireless headset with Dolby Audio, Astro Base Station, and long-lasting battery for Xbox gaming.','http://localhost:8000/media/products/Product Images/Headphones/Xbox Astro A50/img1.png'),(48,'corsair-k100-rgb','Corsair K100 RGB Mechanical Gaming Keyboard','Keyboards',1799,'Flagship optical-mechanical keyboard with iCUE control wheel, dynamic RGB, and tournament-grade performance.','http://localhost:8000/media/products/Product Images/Keyboards/Corsair K100 RGB/img1.png'),(49,'ducky-one-3','Ducky One 3 Mechanical Keyboard','Keyboards',1499,'Vibrant hot-swappable mechanical keyboard with premium keycaps, dual-layer PCB, and RGB lighting.','http://localhost:8000/media/products/Product Images/Keyboards/Ducky One 3/img1.png'),(50,'hyperx-alloy-origins','HyperX Alloy Origins Mechanical Gaming Keyboard','Keyboards',2499,'Compact, durable mechanical keyboard with RGB lighting, HyperX switches, and detachable cable.','http://localhost:8000/media/products/Product Images/Keyboards/HyperX Alloy/img1.png'),(51,'logitech-g915','Logitech G915 TKL Wireless Mechanical Gaming Keyboard','Keyboards',1899,'Sleek, wireless RGB gaming keyboard with low-profile GL switches, LIGHTSPEED tech, and aluminum build.','http://localhost:8000/media/products/Product Images/Keyboards/Logitech G915/img1.png'),(53,'razer-huntsman-v2','Razer Huntsman V2 Optical Gaming Keyboard','Keyboards',1399,'Lightning-fast optical switches, sound dampening, and premium build for competitive gaming.','http://localhost:8000/media/products/Product Images/Keyboards/Razor Huntsman V2/img1.png'),(54,'roccat-vulcan','Roccat Vulcan 121 AIMO RGB Mechanical Gaming Keyboard','Keyboards',1099,'Precision-built keyboard with Titan switches, aluminum top plate, and vivid AIMO RGB lighting.','http://localhost:8000/media/products/Product Images/Keyboards/Roccat Vulcan/img1.png'),(55,'steelseries-apex-pro','SteelSeries Apex Pro Mechanical Gaming Keyboard','Keyboards',1899,'Industry-first adjustable mechanical switch keyboard with RGB lighting and OLED smart display.','http://localhost:8000/media/products/Product Images/Keyboards/SteelSeries Apex Pro/img1.png'),(56,'wooting-two','Wooting Two Analog Optical Gaming Keyboard','Keyboards',1699,'Full-size analog input keyboard with rapid trigger and per-key actuation powered by Lekker switches.','http://localhost:8000/media/products/Product Images/Keyboards/Wooting Two/img1.png'),(57,'acer-predator-xb273u','Acer Predator XB273U Gaming Monitor','Monitors',34999,'27-inch WQHD 170Hz IPS gaming monitor with NVIDIA G-SYNC, HDR400, and ultra-fast response time.','http://localhost:8000/media/products/Product Images/Monitors/Acer Predator/img1.png'),(58,'alienware-aw3423dwf','Alienware AW3423DWF QD-OLED Ultrawide Gaming Monitor','Monitors',124999,'34-inch curved QD-OLED ultrawide with 165Hz refresh, true blacks, VESA DisplayHDR 400, and AMD FreeSync Premium Pro.','http://localhost:8000/media/products/Product Images/Monitors/Alienware AW3423DWF/img1.png'),(59,'aoc-agon-3','AOC AGON AG273QZ Gaming Monitor','Monitors',40999,'27-inch 240Hz QHD gaming monitor with 0.5ms response, FreeSync Premium Pro, and immersive RGB lighting.','http://localhost:8000/media/products/Product Images/Monitors/AOC AGON 3/img1.png'),(60,'benq-zowie-xl2546k','BenQ Zowie XL2546K 240Hz DyAc⁺ Esports Gaming Monitor','Monitors',33999,'25-inch 240Hz Full HD monitor with DyAc⁺ tech, XL Setting to Share, and adjustable stand for pro esports players.','http://localhost:8000/media/products/Product Images/Monitors/BenQ Zowie/img1.png'),(61,'gigabyte-m32uc','Gigabyte M32UC 32\" 144Hz 4K UHD Curved Gaming Monitor','Monitors',52999,'32-inch UHD curved gaming monitor with 144Hz refresh rate, 1ms response time, and HDMI 2.1 support — perfect for next-gen consoles and PC gaming.','http://localhost:8000/media/products/Product Images/Monitors/Gigabyte M32UC/img1.png'),(62,'lg-ultragear-27gn950','LG UltraGear 27GN950-B 4K UHD Nano IPS 144Hz Gaming Monitor','Monitors',59999,'27-inch 4K UHD Nano IPS monitor with 144Hz refresh rate, VESA DisplayHDR 600, and G-SYNC compatibility for high-end gaming.','http://localhost:8000/media/products/Product Images/Monitors/LG Ultra gear/img1.png'),(63,'msi-g274qpf-qd','MSI G274QPF-QD 27\" QHD Rapid IPS 170Hz Gaming Monitor','Monitors',30999,'27-inch QHD gaming monitor with 170Hz refresh rate, Rapid IPS panel, Quantum Dot color, and Adaptive-Sync support for buttery smooth performance.','http://localhost:8000/media/products/Product Images/Monitors/MSI G274QPF/img1.png'),(64,'msi-g274qpf','MSI G274QPF 27\" QHD Rapid IPS 170Hz Gaming Monitor','Monitors',27999,'27-inch QHD Rapid IPS gaming monitor with 170Hz refresh rate, 1ms response time, and Adaptive-Sync for fluid, responsive gameplay.','http://localhost:8000/media/products/Product Images/Monitors/MSI G274QPF/img1.png'),(65,'odyssey-neo-g8','Samsung Odyssey Neo G8 32\" 4K UHD 240Hz Curved Gaming Monitor','Monitors',75999,'World’s first 4K 240Hz curved gaming monitor with Quantum Mini LED, HDR2000, and cutting-edge 1000R curvature for immersive, elite gaming.','http://localhost:8000/media/products/Product Images/Monitors/Odyssey Neo G8/img1.png'),(66,'corsair-dark-core-rgb-pro-se','Corsair Dark Core RGB Pro SE Wireless Gaming Mouse','Mouse',6999,'High-performance wireless gaming mouse with sub-1ms SLIPSTREAM wireless, Qi wireless charging, and customizable RGB lighting.','http://localhost:8000/media/products/Product Images/Mouse/Corsair Dark Core RGB Pro SE/img1.png'),(67,'glorious-model-o','Glorious Model O Lightweight RGB Gaming Mouse','Mouse',4699,'Ultra-lightweight wired gaming mouse with honeycomb shell, flexible cable, and high-precision sensor for esports-level performance.','http://localhost:8000/media/products/Product Images/Mouse/Glorious Model O/img1.png'),(68,'hyperx-pulsefire-haste','HyperX Pulsefire Haste Ultra-Lightweight Gaming Mouse','Mouse',3899,'Ultra-lightweight honeycomb shell mouse with TTC Golden micro switches, 16K DPI sensor, and HyperFlex USB cable for elite gaming performance.','http://localhost:8000/media/products/Product Images/Mouse/HyperX Pulsefire Haste/img1.png'),(69,'logitech-g-pro-x-superlight','Logitech G Pro X Superlight Wireless Gaming Mouse','Mouse',9999,'Ultra-light wireless gaming mouse trusted by esports pros, featuring HERO 25K sensor, under 63g weight, and frictionless glide for elite performance.','http://localhost:8000/media/products/Product Images/Mouse/Logitech G Pro/img1.png'),(70,'logitech-g102','Logitech G102 LIGHTSYNC RGB Wired Gaming Mouse','Mouse',1499,'Reliable and affordable gaming mouse with 8000 DPI sensor, customizable RGB lighting, and classic 6-button design for all types of gamers.','http://localhost:8000/media/products/Product Images/Mouse/Logitech G102/img1.png'),(71,'logitech-g502-x-plus','Logitech G502 X Plus LIGHTSPEED Wireless RGB Gaming Mouse','Mouse',11999,'High-performance wireless gaming mouse with LIGHTFORCE hybrid switches, HERO 25K sensor, LIGHTSYNC RGB, and ultra-low latency LIGHTSPEED connection.','http://localhost:8000/media/products/Product Images/Mouse/Logitech G502 X Plus/img1.png'),(72,'razer-deathadder-v3-pro','Razer DeathAdder V3 Pro Wireless Esports Gaming Mouse','Mouse',12999,'Lightweight wireless gaming mouse engineered for competitive play with Razer Focus Pro 30K sensor, 63g ergonomic design, and 90-hour battery life.','http://localhost:8000/media/products/Product Images/Mouse/Razer Deathadder V3/img1.png'),(73,'roccat-kone-pro-air','Roccat Kone Pro Air Wireless RGB Gaming Mouse','Mouse',8999,'Ergonomic wireless gaming mouse with Titan Switch Optical, 19K Owl-Eye sensor, dual connectivity, and lightweight honeycomb-inspired design.','http://localhost:8000/media/products/Product Images/Mouse/Roccat Kone Pro Air/img1.png'),(74,'steelseries-aerox-5-wireless','SteelSeries Aerox 5 Wireless Ultra-Lightweight Gaming Mouse','Mouse',9999,'Ultra-lightweight multi-genre wireless gaming mouse with 9 programmable buttons, TrueMove Air sensor, AquaBarrier protection, and 180-hour battery life.','http://localhost:8000/media/products/Product Images/Mouse/SteelSeries Aerox 5 Wireless/img1.png'),(75,'zowie-ec2-b','BenQ Zowie EC2-B Wired Esports Gaming Mouse','Mouse',4499,'Ergonomic wired gaming mouse designed for competitive FPS gameplay with 3360 sensor, low-latency clicks, and plug-and-play simplicity.','http://localhost:8000/media/products/Product Images/Mouse/Zowie EC2-B/img1.png');
/*!40000 ALTER TABLE `gg_lootbox_product` ENABLE KEYS */;
UNLOCK TABLES;

--
-- Table structure for table `gg_lootbox_productdetail`
--

DROP TABLE IF EXISTS `gg_lootbox_productdetail`;
/*!40101 SET @saved_cs_client     = @@character_set_client */;
/*!50503 SET character_set_client = utf8mb4 */;
CREATE TABLE `gg_lootbox_productdetail` (
  `id` bigint NOT NULL AUTO_INCREMENT,
  `mrp` double NOT NULL,
  `rating` double NOT NULL,
  `reviews` int NOT NULL,
  `availability` varchar(100) NOT NULL,
  `seller` varchar(255) NOT NULL,
  `delivery` varchar(255) NOT NULL,
  `about` json NOT NULL,
  `description` json NOT NULL,
  `product_id` bigint NOT NULL,
  PRIMARY KEY (`id`),
  UNIQUE KEY `product_id` (`product_id`),
  CONSTRAINT `gg_lootbox_productde_product_id_4b88595a_fk_gg_lootbo` FOREIGN KEY (`product_id`) REFERENCES `gg_lootbox_product` (`id`)
) ENGINE=InnoDB AUTO_INCREMENT=69 DEFAULT CHARSET=utf8mb4 COLLATE=utf8mb4_0900_ai_ci;
/*!40101 SET character_set_client = @saved_cs_client */;

--
-- Dumping data for table `gg_lootbox_productdetail`
--

LOCK TABLES `gg_lootbox_productdetail` WRITE;
/*!40000 ALTER TABLE `gg_lootbox_productdetail` DISABLE KEYS */;
INSERT INTO `gg_lootbox_productdetail` VALUES (3,34999,4.7,312,'In Stock','AndaSeat Official India','Ships in 2–4 business days via BlueDart or Delhivery','{\"Base\": \"Aluminum 5-star base\", \"Recline\": \"90°–165° with lock\", \"Support\": \"Magnetic memory foam lumbar + headrest\", \"Capacity\": \"Supports up to 180kg\", \"Material\": \"Premium PVC leather\"}','[\"Designed for big and tall users with premium PVC leather and extra-wide frame.\", \"Features 4D adjustable armrests for maximum positioning flexibility.\", \"Recline range from 90° to 165° with multi-tilt lock for custom comfort.\", \"Ergonomically shaped head pillow and magnetic memory foam lumbar support included.\", \"All-steel frame covered in high-density cold-cure foam for maximum durability.\", \"Heavy-duty aluminum base ensures solid ground support and stability.\", \"Class-4 hydraulic gas lift supports up to 180kg weight capacity.\", \"Magnetic side covers and pillow system make assembly and customization effortless.\", \"Extra large seat base provides ample space and all-day comfort.\", \"Smooth-glide PU caster wheels are floor-safe and quiet.\", \"Premium stitching and design for a luxurious gaming and office setup.\", \"Includes easy-to-use mechanical lumbar support dial for real-time adjustments.\", \"Built to meet professional eSports standards and used in international tournaments.\"]',3),(4,29999,4.6,238,'In Stock','AKRacing India Official','3–5 business days via Bluedart or Delhivery','{\"Base\": \"Class-4 gas lift and 5-star metal base\", \"Tilt\": \"Adjustable rocking function and lockable tilt\", \"Frame\": \"All-metal steel frame\", \"Armrests\": \"3D adjustable\", \"Upholstery\": \"Durable breathable fabric\"}','[\"Built with a durable all-metal frame for enhanced structural integrity and long-term usage.\", \"Upholstered with breathable fabric to ensure maximum airflow during long gaming sessions.\", \"High-density cold-cure foam padding maintains its shape and provides consistent support.\", \"Equipped with a deep recline mechanism supporting angles from 90° to 180° for flexible comfort.\", \"3D adjustable armrests allow customization in height, depth, and rotation for perfect ergonomics.\", \"Adjustable rocking function with lockable tilt supports natural motion and relaxation.\", \"Class-4 gas lift supports up to 150kg and ensures smooth height adjustment.\", \"5-star heavy-duty metal base offers excellent stability and strength during intense use.\", \"Headrest and lumbar support pillows included for added ergonomic support.\", \"Silent PU caster wheels move smoothly across both hard floors and carpet.\", \"Designed for all-day comfort for gaming, streaming, office work, or editing.\", \"Premium finish and stitching adds a professional, stylish look to your setup.\", \"Backed by AKRacing\'s warranty and tested for commercial-level durability.\"]',4),(6,22999,4.5,174,'In Stock','Cougar India Official','2–4 business days via Bluedart or Delhivery','{\"Base\": \"Sturdy 5-star metal base with Class 4 gas lift\", \"Tilt\": \"Up to 155° reclining backrest\", \"Frame\": \"Reinforced steel frame\", \"Armrests\": \"3D adjustable armrests\", \"Upholstery\": \"PVC leather with diamond stitching\"}','[\"Sturdy steel frame structure provides superior durability and stability.\", \"Premium PVC leather upholstery with diamond-pattern stitching for an elegant look.\", \"155° recline angle with adjustable tension for personalized comfort.\", \"3D adjustable armrests support vertical, horizontal, and rotational movement.\", \"Integrated headrest and lumbar pillows for ergonomic posture support.\", \"Breathable design ensures airflow during extended gaming sessions.\", \"High-density foam cushions retain shape and ensure all-day comfort.\", \"Smooth class 4 gas lift mechanism for reliable height adjustments.\", \"Heavy-duty 5-star base offers maximum balance and mobility.\", \"Silent PU caster wheels glide easily on all surfaces without scratches.\", \"Perfect for gamers, streamers, creators, and office professionals.\", \"Stylish design that blends into any high-performance setup.\", \"Tested for long-term usage with strong material quality standards.\"]',6),(8,39999,4.8,326,'In Stock','DXRacer India Official','2–4 business days via Bluedart or Delhivery','{\"Base\": \"Reinforced aluminum base with class-4 gas lift\", \"Tilt\": \"155° multi-angle recline with lock\", \"Frame\": \"Aluminum alloy frame\", \"Armrests\": \"4D adjustable with soft padding\", \"Upholstery\": \"Premium microfiber leather\"}','[\"Crafted with a precision aluminum alloy frame for enhanced durability and aesthetics.\", \"Wrapped in premium microfiber leather for a luxurious, soft-touch feel that’s easy to clean.\", \"4D armrests allow flexible adjustment in height, angle, forward/backward, and inward/outward.\", \"Tilt mechanism with 155° recline lock offers excellent back support during rest or gameplay.\", \"Headrest, lumbar pillow, and integrated support system promote ergonomic sitting posture.\", \"Memory foam cushions mold to your body shape and reduce long-session fatigue.\", \"Wider seat base with adjustable depth provides better weight distribution and comfort.\", \"Heavy-duty class-4 gas lift supports up to 150kg with certified safety standards.\", \"Silent-glide PU caster wheels ensure smooth rolling over hard floors and carpets.\", \"Magnetic side covers allow effortless customization and aesthetic enhancement.\", \"Perfectly suited for professional gamers, streamers, and editors working long hours.\", \"Stylish dual-tone stitching and embossed DXRacer logo give a premium visual appeal.\", \"Tested for thousands of reclining cycles and load-bearing endurance for commercial-grade quality.\"]',8),(9,28999,3.5,194,'In Stock','GT Omega Official Store','3–5 business days via Bluedart or Delhivery','{\"Base\": \"Heavy-duty aluminum base with class-4 gas lift\", \"Tilt\": \"90°–160° recline with locking mechanism\", \"Frame\": \"Steel tubular frame structure\", \"Armrests\": \"4D adjustable armrests\", \"Upholstery\": \"Carbon fiber-style PU leather\"}','[\"Steel frame structure ensures durability and long-term use even under heavy loads.\", \"Covered in carbon fiber-style PU leather that looks sporty and resists wear and tear.\", \"Multi-tilt mechanism with 90°–160° recline range for dynamic sitting positions.\", \"Memory foam lumbar cushion and headrest included for ergonomic posture support.\", \"4D armrests support vertical, horizontal, pivot, and angle adjustments.\", \"High-density cold-molded foam seat retains its shape even with daily usage.\", \"Class-4 gas lift mechanism supports up to 150kg and allows seamless height adjustment.\", \"Aluminum alloy wheelbase with smooth caster wheels for silent movement.\", \"Backrest design offers full spine support from neck to lower back.\", \"Perfect for gaming, working from home, or streaming setups.\", \"Premium finishing with embroidered GT Omega branding on headrest and backrest.\", \"Quick and easy assembly with included manual and tools.\", \"Trusted by pro gamers and esports enthusiasts worldwide.\"]',9),(10,27999,3.9,212,'In Stock','Razer India Official','2–3 business days via Bluedart or Delhivery','{\"Base\": \"Powder-coated steel base with class-4 gas lift\", \"Tilt\": \"Up to 139° adjustable backrest tilt\", \"Frame\": \"Steel-reinforced body frame\", \"Armrests\": \"2D adjustable\", \"Upholstery\": \"Multi-layered synthetic leather\"}','[\"Ergonomically designed with angled lumbar support for improved posture.\", \"Constructed with a steel-reinforced body frame for long-lasting durability.\", \"Multi-layered synthetic leather covering for a sleek, professional finish.\", \"High-density foam cushions provide firm yet comfortable support.\", \"139° recline tilt lets you lean back and relax between sessions.\", \"2D armrests support vertical and pivot adjustments for wrist comfort.\", \"Class-4 gas lift with smooth height transitions and enhanced safety.\", \"Heavy-duty steel base provides sturdy balance for all-day use.\", \"Silent PU wheels glide across all floor types without scratching.\", \"Razer green stitching and logo design adds signature style.\", \"Ideal for gamers, streamers, and home-office professionals alike.\", \"Easy to assemble with detailed instructions included in the box.\", \"Trusted Razer build quality, backed by a solid warranty program.\"]',10),(11,21999,4.4,148,'In Stock','Respawn Authorized Store','3–5 business days via Delhivery or Bluedart','{\"Base\": \"Sturdy nylon base with class-3 gas lift\", \"Tilt\": \"Up to 155° recline with lock\", \"Frame\": \"Steel and composite frame\", \"Armrests\": \"Padded and fixed\", \"Upholstery\": \"Bonded leather\"}','[\"Designed in a bold racing style, this chair brings both comfort and attitude to any setup.\", \"Integrated footrest lets you kick back during breaks or while watching videos.\", \"Bonded leather upholstery adds a premium feel and is easy to clean.\", \"Segmented padded cushioning provides targeted support to your spine, shoulders, and legs.\", \"Adjustable recline up to 155° allows you to find your perfect angle whether gaming or relaxing.\", \"Padded fixed armrests provide soft support without any movement or shake.\", \"Dual-wheel casters and nylon base make for smooth mobility and solid balance.\", \"Height adjustable with a class-3 gas lift that holds up to 120kg.\", \"Headrest and lumbar pillows come attached for ergonomic comfort throughout the day.\", \"Assembly is quick and easy with included tools and step-by-step guide.\", \"Tested for durability and built to last for gamers, creators, and home users alike.\"]',11),(12,44999,4.9,382,'In Stock','Secretlab India Official','1–3 business days via Bluedart or Delhivery','{\"Base\": \"ADC12 aluminum base with XL PU casters\", \"Tilt\": \"165° recline with multi-tilt mechanism\", \"Frame\": \"Aluminum-reinforced steel frame\", \"Armrests\": \"4D full-metal magnetic armrests\", \"Upholstery\": \"Secretlab Neo Hybrid Leatherette\"}','[\"Engineered with a reinforced steel frame and premium materials for maximum longevity.\", \"Secretlab Neo™ Hybrid Leatherette feels softer and lasts 12x longer than regular PU leather.\", \"Magnetic memory foam head pillow with cooling gel for instant comfort.\", \"4D full-metal magnetic armrests are easily swappable and precise in motion.\", \"Ergo-optimized lumbar support system is integrated and adjustable via dial controls.\", \"Multi-tilt mechanism with 165° recline and dynamic tension adjustment.\", \"XL PU caster wheels glide quietly and smoothly across all flooring types.\", \"Cold-cure foam cushioning distributes weight evenly and provides plush firmness.\", \"Customizable magnetic side covers for modular personalization.\", \"Comes in multiple sizes to suit different heights and body types.\", \"Certified for high performance and durability by BIFMA and ANSI standards.\", \"Loved by esports professionals and streamers worldwide.\", \"Backed by a 5-year extended warranty with local support.\"]',12),(14,59999,4.7,278,'In Stock','Asus ROG Official Store','1–3 business days via Bluedart or Delhivery','{\"OS\": \"Windows 11 Home with Armoury Crate SE\", \"Battery\": \"40Wh with fast charging\", \"Display\": \"7\\\" FHD 120Hz touchscreen\", \"Storage\": \"512GB PCIe Gen 4 SSD\", \"Processor\": \"AMD Ryzen Z1 Extreme\"}','[\"Experience AAA gaming on the go with the AMD Ryzen Z1 Extreme processor.\", \"7-inch full HD touchscreen display with 120Hz refresh rate delivers ultra-smooth gameplay.\", \"Includes 16GB LPDDR5 RAM and 512GB PCIe 4.0 SSD for blazing-fast load times.\", \"Ergonomic design with responsive joysticks, triggers, and customizable buttons.\", \"Armoury Crate SE allows quick game library access, performance tuning, and lighting control.\", \"Supports Xbox Game Pass, Steam, Epic, and other PC launchers for maximum compatibility.\", \"Gyro controls and vibration feedback enhance immersion during handheld play.\", \"Dual-fan cooling system keeps temperatures in check even under load.\", \"USB-C and ROG XG Mobile interface enable external GPU support and display output.\", \"Ideal for cloud gaming, emulation, and local PC titles on the go.\", \"Preloaded with Windows 11 Home and full desktop functionality when docked.\", \"Supports fast charging and quick resume features for seamless gameplay.\", \"Built for serious gamers who want console and PC flexibility in one device.\"]',14),(15,29999,4.4,134,'In Stock','Logitech Official Store','2–4 business days via Bluedart or Delhivery','{\"Weight\": \"463g\", \"Battery\": \"6000mAh with 12+ hour backup\", \"Display\": \"7\\\" Full HD IPS touchscreen (60Hz)\", \"Storage\": \"64GB eMMC (expandable via microSD)\", \"Processor\": \"Qualcomm Snapdragon 720G\"}','[\"Logitech G Cloud is designed for seamless Xbox Cloud Gaming, NVIDIA GeForce NOW, and Steam Link.\", \"Features a 7-inch Full HD IPS display with accurate colors and sharp detail.\", \"Snapdragon 720G processor provides smooth performance for cloud-streamed games.\", \"Long-lasting 6000mAh battery delivers over 12 hours of gameplay on a single charge.\", \"Comfort-focused design with lightweight build, textured grips, and precise controls.\", \"Comes with built-in Wi-Fi, Bluetooth, and stereo speakers for an immersive experience.\", \"Supports Google Play, allowing you to install Android apps and emulators.\", \"microSD card slot supports storage expansion for game data and apps.\", \"Easily stream games from your Xbox console or PC using remote play features.\", \"Includes built-in vibration motors and customizable game profiles.\", \"USB-C charging, 3.5mm headphone jack, and onboard mic enhance portability.\", \"Firmware updates delivered over-the-air to improve compatibility and performance.\", \"Ideal for cloud-first gamers who want lightweight, long-session handheld play.\"]',15),(16,19999,4.6,174,'In Stock','Nintendo India Authorized','3–5 business days via Delhivery or Bluedart','{\"Weight\": \"275g\", \"Battery\": \"3570mAh – Up to 7 hours playtime\", \"Display\": \"5.5\\\" Touchscreen LCD\", \"Connectivity\": \"Wi-Fi, Bluetooth 4.1\", \"Compatibility\": \"All Nintendo Switch digital and physical games that support handheld mode\"}','[\"The Nintendo Switch Lite is built specifically for handheld play—perfect for gaming on the go.\", \"Features a sleek, lightweight design that fits comfortably in your hands and pockets.\", \"Compatible with all physical and digital Nintendo Switch games that support handheld mode.\", \"Dedicated D-pad for precise control, ideal for classic titles and platformers.\", \"Long battery life of up to 7 hours lets you play through long sessions without recharge.\", \"5.5-inch touchscreen LCD provides sharp visuals and responsive control.\", \"Integrated controls remove the need for detachable Joy-Cons, enhancing stability.\", \"Perfect for solo play or local wireless multiplayer with other Switch devices.\", \"Available in multiple vibrant color options with matte finish for grip and style.\", \"Expandable storage via microSD for downloading games and updates.\", \"Seamless access to the Nintendo eShop, online multiplayer, and cloud saves.\", \"Charges via USB-C and includes stereo speakers and 3.5mm headphone jack.\", \"Compact, reliable, and affordable – perfect for kids, travelers, and casual gamers.\"]',16),(17,30999,4.8,192,'In Stock','Nintendo India Authorized','2–3 business days via Delhivery or Bluedart','{\"Dock\": \"Includes LAN port and HDMI output\", \"Audio\": \"Enhanced stereo speakers\", \"Battery\": \"4310mAh – Up to 9 hours playtime\", \"Display\": \"7\\\" OLED Touchscreen\", \"Storage\": \"64GB Internal (Expandable via microSD)\"}','[\"Nintendo Switch OLED features a larger 7-inch OLED screen with vivid colors and high contrast.\", \"Perfect for handheld and docked gaming with enhanced audio and upgraded display tech.\", \"Includes a wide adjustable kickstand for tabletop gaming at any angle.\", \"64GB internal storage gives you space for more games and can be expanded with microSD.\", \"Dock now includes a LAN port for stable wired internet connection.\", \"Dual-mode gameplay: play handheld or connect to TV via included dock.\", \"Battery life ranges between 4.5 to 9 hours depending on usage.\", \"Joy-Cons are detachable and include motion control, HD rumble, and IR sensor.\", \"Enjoy all Nintendo Switch games and exclusive titles like Zelda, Pokémon, and Mario Kart.\", \"Built-in stereo speakers are louder and clearer for immersive sound.\", \"Supports online multiplayer, cloud saves, and eShop access.\", \"Ergonomic design remains compact and portable for travel or home use.\", \"Ideal for gamers seeking the ultimate Switch experience with stunning visuals.\"]',17),(18,49999,4.9,472,'In Stock','Sony India Official','1–3 business days via Bluedart or Delhivery','{\"Extras\": \"Ultra HD Blu-ray drive, DualSense controller\", \"Storage\": \"825GB NVMe SSD\", \"Graphics\": \"10.28 TFLOPs, RDNA 2 architecture\", \"Processor\": \"Custom AMD Zen 2, 8-core, 3.5GHz\", \"Resolution\": \"Up to 4K with 120Hz support\"}','[\"Experience the power of next-gen gaming with the ultra-fast PS5 custom SSD for lightning-fast loading times.\", \"Supports 4K resolution with up to 120Hz refresh rate and ray tracing for immersive, lifelike visuals.\", \"The new DualSense wireless controller introduces adaptive triggers and haptic feedback for next-level immersion.\", \"825GB SSD with expandable M.2 slot ensures fast game installs and seamless performance.\", \"Backward compatible with most PS4 titles and accessories.\", \"Features an Ultra HD Blu-ray disc drive for physical games and 4K movie playback.\", \"Built-in Tempest 3D AudioTech provides stunning audio for supported games and headphones.\", \"Quick Resume and Fast Travel features minimize wait time and maximize play.\", \"Wi-Fi 6 and Bluetooth 5.1 enable smooth online play and accessory pairing.\", \"Stylish two-tone vertical design with integrated stand for minimal footprint.\", \"Perfect for gamers seeking the ultimate console experience for single-player, online, and multimedia use.\"]',19),(19,46999,4.7,212,'In Stock','Valve Official Store','2–5 business days via Bluedart or Delhivery','{\"OS\": \"SteamOS 3.0 (Linux based)\", \"Battery\": \"40Wh – 2 to 8 hours playtime\", \"Display\": \"7\\\" LCD touchscreen (1280x800, 60Hz)\", \"Storage\": \"512GB NVMe SSD\", \"Processor\": \"Custom AMD APU – Zen 2 + RDNA 2\"}','[\"Valve Steam Deck is a handheld gaming powerhouse built to run your entire Steam library on the go.\", \"Powered by a custom AMD APU combining Zen 2 and RDNA 2 architecture for console-level performance.\", \"7-inch LCD touchscreen offers responsive controls and sharp visuals at 800p resolution.\", \"Supports SD card expansion and USB-C dock for external displays and accessories.\", \"Comes with 512GB NVMe SSD for fast load times and responsive gameplay.\", \"SteamOS 3.0 with Proton compatibility allows most Windows games to run flawlessly.\", \"Full-size thumbsticks, trackpads, and custom button layout for precision and comfort.\", \"Compatible with cloud gaming, emulators, and PC storefronts like Epic and GOG.\", \"Desktop mode unlocks full Linux PC functionality with keyboard and mouse support.\", \"Includes Wi-Fi, Bluetooth, stereo speakers, and headphone jack for immersive experience.\", \"Supports game mods, controller remapping, and performance tweaking via developer tools.\", \"Perfect for gamers who want portable AAA gaming without compromise.\"]',20),(21,34999,4.6,256,'In Stock','Microsoft India Official','1–3 business days via Bluedart or Delhivery','{\"Digital\": \"All-digital, no disc drive\", \"Storage\": \"512GB NVMe SSD (expandable)\", \"Graphics\": \"4 TFLOPs RDNA 2 GPU\", \"Processor\": \"8-core AMD Zen 2, 3.6GHz\", \"Resolution\": \"1440p upscaled to 4K at 120fps\"}','[\"Xbox Series S offers next-gen gaming in a compact, all-digital form factor.\", \"Equipped with a custom 512GB NVMe SSD for ultra-fast loading and smooth performance.\", \"Supports 1440p gaming with upscaling to 4K and frame rates up to 120fps.\", \"Ray tracing and variable rate shading enhance realism and visual fidelity.\", \"Quick Resume allows instant switching between multiple games.\", \"All-digital console – download and play digital games, no physical disc drive.\", \"Includes Xbox Velocity Architecture for faster load times and performance boosts.\", \"Expandable storage via Seagate Storage Expansion Card and external SSDs.\", \"Backward compatible with thousands of Xbox One, Xbox 360, and OG Xbox games.\", \"Connect with friends via Xbox Live and Xbox Cloud Gaming (Game Pass Ultimate).\", \"Compact and quiet design fits perfectly in any setup, vertical or horizontal.\", \"Perfect for digital-first gamers seeking next-gen performance at a great price.\"]',22),(22,54999,4.9,312,'In Stock','Microsoft India Official','1–2 business days via Bluedart or Delhivery','{\"Drive\": \"4K UHD Blu-ray Disc Drive\", \"Storage\": \"1TB NVMe SSD (expandable)\", \"Graphics\": \"12 TFLOPs RDNA 2 GPU\", \"Processor\": \"8-core AMD Zen 2, 3.8GHz\", \"Resolution\": \"True 4K up to 120fps\"}','[\"Xbox Series X delivers the fastest and most powerful gaming performance from Microsoft yet.\", \"Supports native 4K gaming at up to 120 frames per second on supported titles.\", \"12 TFLOPs of raw graphical power from the custom RDNA 2 GPU ensures stunning realism and performance.\", \"1TB NVMe SSD drastically reduces load times and supports Quick Resume across multiple titles.\", \"Supports ray tracing, variable refresh rate, and HDR for immersive visuals.\", \"Compatible with all Xbox One games, controllers, and accessories.\", \"Ultra-quiet operation with advanced cooling and vertical tower design.\", \"Comes with a new Xbox Wireless Controller featuring textured grips and hybrid D-pad.\", \"Physical 4K Blu-ray Disc Drive supports game discs and Ultra HD movie playback.\", \"Integrated with Xbox Game Pass and Xbox Cloud Gaming for extensive game library access.\", \"Expandable via Seagate Storage Expansion Card for full-speed performance.\", \"Perfect for serious gamers and home entertainment setups alike.\"]',23),(23,4599,4.5,163,'In Stock','8BitDo Official India','2–4 business days via Delhivery or Bluedart','{\"Battery\": \"1000mAh rechargeable (20-hour life)\", \"Buttons\": \"Custom profile switch, back paddles, trigger modes\", \"Software\": \"8BitDo Ultimate Software for full customization\", \"Connectivity\": \"Bluetooth 4.0, USB-C, 2.4GHz (with adapter)\", \"Compatibility\": \"Windows, Android, Switch, macOS, Raspberry Pi\"}','[\"The 8BitDo Pro 2 is a premium multi-platform Bluetooth gamepad with extensive compatibility.\", \"Features two customizable back paddles, profile switch button, and remappable controls.\", \"Use the 8BitDo Ultimate Software to tweak stick sensitivity, trigger response, macros, and vibration.\", \"Supports Windows, Android, Nintendo Switch, macOS, Steam Deck, and Raspberry Pi.\", \"Switch seamlessly between 3 custom profiles with a dedicated switch on the controller.\", \"Ergonomic grip, responsive D-pad, and hall effect triggers ensure precise gameplay.\", \"Connect wirelessly via Bluetooth or use USB-C for a wired low-latency option.\", \"Built-in 1000mAh rechargeable battery gives up to 20 hours of gameplay per charge.\", \"Play retro, indie, or competitive titles with pro-grade comfort and control.\", \"Ideal for emulator setups, casual play, or pro-level customization across devices.\"]',24),(24,3199,4.4,132,'In Stock','Logitech Official India','2–4 business days via Bluedart or Delhivery','{\"Modes\": \"XInput and DirectInput switch\", \"Power\": \"2x AA batteries (included)\", \"Vibration\": \"Dual motor vibration feedback\", \"Connectivity\": \"2.4GHz wireless with nano receiver\", \"Compatibility\": \"Windows XP/7/8/10, Android (OTG)\"}','[\"Enjoy gaming from a distance with the reliable 2.4GHz wireless connection and nano receiver.\", \"Features dual vibration motors for immersive force feedback in supported games.\", \"Toggle between XInput and DirectInput to play a wide range of classic and modern PC titles.\", \"Familiar layout with responsive buttons, triggers, and ergonomic grip for long sessions.\", \"Works out of the box with most PC games; no need for software installs.\", \"Rubber grips and textured handles ensure a firm, non-slip gaming experience.\", \"Compact wireless receiver stores easily inside the controller when not in use.\", \"Ideal for casual and retro gaming, emulator use, or sports and racing titles.\", \"Supports OTG for use with compatible Android devices and emulators.\", \"Logitech build quality and brand trust with included 1-year warranty.\"]',25),(25,2999,4.3,147,'In Stock','Nintendo Certified Distributor','3–5 business days via Delhivery or Bluedart','{\"Design\": \"Ergonomic with textured grip and LED indicators\", \"Battery\": \"600mAh rechargeable (10–12 hours)\", \"Features\": \"Turbo, Motion Control, Wake-up Function\", \"Connectivity\": \"Bluetooth 5.0, USB-C charging\", \"Compatibility\": \"Nintendo Switch, Switch Lite, Switch OLED\"}','[\"Wireless Bluetooth gamepad designed specifically for the Nintendo Switch family of consoles.\", \"Supports motion controls and turbo function for compatible Switch games.\", \"Wake-up feature allows you to turn the console on remotely from the controller.\", \"Ergonomic design with rubberized grip for comfortable long-hour gaming sessions.\", \"600mAh battery provides 10–12 hours of playtime and charges via USB-C.\", \"Built-in LED indicators show player number, pairing status, and battery level.\", \"Responsive ABXY buttons and analog sticks with minimal input lag.\", \"Compatible with all Switch models including Lite and OLED.\", \"Ideal for multiplayer games, solo adventures, and fast-paced action titles.\", \"Lightweight and portable — easy to carry and quick to sync.\"]',26),(26,5499,4.8,198,'In Stock','Nintendo India Official','2–4 business days via Delhivery or Bluedart','{\"Design\": \"Ergonomic, textured grip, semi-transparent shell\", \"Battery\": \"1300mAh (up to 40 hours)\", \"Features\": \"Motion controls, HD Rumble, Amiibo support\", \"Connectivity\": \"Bluetooth 3.0 + USB-C\", \"Compatibility\": \"Switch, Switch OLED, Switch Lite (limited)\"}','[\"The Nintendo Switch Pro Controller offers premium performance and comfort for serious Switch gamers.\", \"Features HD Rumble for immersive vibration, motion controls, and Amiibo scanning support via NFC.\", \"Ergonomic design with curved grips and a traditional button layout for precise, extended gaming sessions.\", \"Built-in 1300mAh rechargeable battery delivers up to 40 hours of wireless gameplay on a single charge.\", \"Pairs wirelessly with the Switch console and includes a USB-C cable for wired play and charging.\", \"Semi-transparent matte finish and subtle Nintendo branding for a sleek, iconic look.\", \"Perfect for fast-paced action, platformers, RPGs, and online multiplayer titles.\", \"Supports both handheld and docked modes; can also be used with PC via USB.\", \"Officially licensed by Nintendo, ensuring top-notch build quality and compatibility.\", \"Recommended for those who prefer a classic gamepad over Joy-Con layout for intense gameplay.\"]',27),(27,9999,4.7,158,'In Stock','PDP Official India','2–4 business days via Bluedart or Delhivery','{\"Weight\": \"350g with swappable modules\", \"Battery\": \"Built-in rechargeable – 20+ hours\", \"Features\": \"Modular thumbsticks & D-pads, Mappable back buttons, Trigger stops\", \"Connectivity\": \"Wireless (2.4GHz), Wired (USB-C)\", \"Compatibility\": \"PS5, PS4, PC\"}','[\"The PDP Victrix Pro BFG is a tournament-grade wireless controller for PlayStation and PC.\", \"Officially licensed by Sony and optimized for competitive FPS and fighting games.\", \"Features fully modular design — swap thumbsticks, D-pad, or even stick modules between left/right.\", \"Includes mappable back buttons for quick in-game actions and a built-in profile switch.\", \"Adjustable trigger stops for short hair triggers or full press depending on gameplay.\", \"Supports both wireless (2.4GHz dongle) and wired USB-C modes for flexibility and zero-lag.\", \"Built-in audio control and EQ directly from the controller via the function button.\", \"Custom configuration software for PC allows remapping, profile creation, and firmware updates.\", \"Premium textured grip and durable build ideal for long gaming sessions.\", \"Rechargeable battery offers over 20 hours of wireless gameplay on a single charge.\"]',28),(28,7999,4.6,189,'In Stock','Razer Official India','2–4 business days via Delhivery or Bluedart','{\"Buttons\": \"6 remappable buttons incl. back paddles\", \"Features\": \"Razer Chroma RGB, Mecha-Tactile Buttons\", \"Triggers\": \"Hair-trigger mode with stops\", \"Connectivity\": \"Wired USB-C (detachable cable)\", \"Compatibility\": \"Xbox Series X|S, Xbox One, PC\"}','[\"The Razer Wolverine V2 Chroma delivers the ultimate performance for competitive console and PC gaming.\", \"Equipped with Razer Mecha-Tactile buttons for hyper-responsive actuation and crisp feedback.\", \"6 remappable multi-function buttons (2 bumpers + 4 triggers) give you total control in any game.\", \"Hair Trigger Mode with trigger stops allows faster response during FPS or racing titles.\", \"Chroma RGB lighting gives your setup a vibrant glow with customizable effects via Razer Controller App.\", \"Ergonomic design with non-slip rubber grips ensures long-lasting comfort during extended sessions.\", \"Compatible with Xbox Series X|S, Xbox One, and PC (Windows 10/11).\", \"Detachable USB-C cable ensures durability and reduces latency with wired stability.\", \"Easily remap buttons and customize lighting using the Razer Controller app on Xbox/PC.\", \"Ideal for competitive players and streamers looking for precision, durability, and style.\"]',31),(29,16999,4.9,178,'In Stock','SCUF India Official','2–4 business days via Bluedart or Delhivery','{\"Grip\": \"Non-slip performance grip\", \"Battery\": \"Rechargeable (12–15 hours)\", \"Buttons\": \"4 rear paddles (remappable), Adaptive triggers\", \"Connectivity\": \"Wireless (Bluetooth), Wired (USB-C)\", \"Compatibility\": \"PS5, PC\"}','[\"SCUF Reflex Pro is designed for serious gamers seeking the ultimate performance on PS5 and PC.\", \"Comes equipped with 4 rear paddles that can be remapped on the fly without software.\", \"Advanced non-slip performance grip for superior handling during intense gameplay.\", \"Supports wireless Bluetooth connection and wired play with a USB-C cable.\", \"Features adaptive triggers and haptic feedback for immersive gameplay on PS5.\", \"Profile switch allows quick toggling between up to 3 custom control schemes.\", \"Long-lasting rechargeable battery supports up to 15 hours of uninterrupted play.\", \"Ergonomic layout mimics the PS5 DualSense design while enhancing control.\", \"Compatible with SCUF accessories like thumbsticks, trigger kits, and faceplates.\", \"Built for elite competition across shooters, esports titles, and action games.\"]',32),(30,5999,4.7,221,'In Stock','Sony India Official','2–3 business days via Bluedart or Delhivery','{\"Audio\": \"Built-in mic and 3.5mm audio jack\", \"Battery\": \"Rechargeable lithium-ion\", \"Features\": \"Adaptive triggers, haptic feedback, motion sensors\", \"Connectivity\": \"Wireless Bluetooth, USB-C (wired)\", \"Compatibility\": \"PlayStation 5, PC (limited features)\"}','[\"The Sony DualSense Wireless Controller is the official next-gen gamepad for the PlayStation 5.\", \"Adaptive triggers offer varying levels of tension for immersive gameplay realism.\", \"Advanced haptic feedback provides dynamic tactile sensations for every action.\", \"Integrated motion sensors enhance gameplay on supported titles with gyroscopic control.\", \"Built-in microphone and 3.5mm headset jack let you chat and play without extra accessories.\", \"Signature two-tone design with textured grips and LED status indicators.\", \"Touchpad, Create button, and light bar included for enhanced interactivity.\", \"Rechargeable battery charges via USB-C and lasts up to 10–12 hours of use.\", \"Compatible with PC (wired and Bluetooth), though some features are PS5-exclusive.\", \"Perfect for immersive gaming across action, adventure, racing, and shooter genres.\"]',33),(31,15999,4.8,243,'In Stock','Microsoft India Official','1–3 business days via Bluedart or Delhivery','{\"Grip\": \"Rubberized texture, adjustable tension thumbsticks\", \"Battery\": \"Built-in rechargeable (up to 40 hours)\", \"Connectivity\": \"Wireless, Bluetooth, USB-C\", \"Compatibility\": \"Xbox Series X|S, Xbox One, Windows 10/11\", \"Customizability\": \"Swappable sticks, D-pads, paddles; 3 custom profiles\"}','[\"Experience precision and control with the Xbox Elite Series 2 – the ultimate wireless controller for Xbox and PC.\", \"Includes interchangeable thumbsticks and D-pads, plus 4 removable paddles for advanced control.\", \"Customize button mapping and profiles with the Xbox Accessories app for Xbox and Windows.\", \"Adjustable-tension thumbsticks improve accuracy and responsiveness across all genres.\", \"Rubberized grip and shorter hair-trigger locks improve speed in competitive shooters.\", \"Save up to 3 custom profiles and switch on the fly using the profile button.\", \"Supports Bluetooth, Xbox Wireless, and wired USB-C connections.\", \"Rechargeable battery offers up to 40 hours of gameplay on a single charge.\", \"Comes with a premium carrying case, USB-C cable, and charging dock.\", \"Perfect for serious Xbox gamers, esports players, and PC enthusiasts.\"]',34),(32,2499,4.4,115,'In Stock','PowerA India Authorized','2–4 business days via Bluedart or Delhivery','{\"Grip\": \"Textured rear grips and trigger surfaces\", \"Power\": \"Powered via USB (no batteries required)\", \"Features\": \"Dual rumble motors, 3.5mm audio jack, mappable buttons\", \"Connectivity\": \"Wired USB (3m detachable cable)\", \"Compatibility\": \"Xbox Series X|S, Xbox One, Windows 10/11\"}','[\"The PowerA Enhanced Wired Controller offers affordable pro-level features in a wired setup.\", \"Officially licensed for Xbox Series X|S with full button layout and ergonomic grip.\", \"Equipped with dual rumble motors to deliver immersive in-game feedback.\", \"Includes 2 mappable Advanced Gaming Buttons on the back for custom gameplay.\", \"Textured grips and trigger surfaces provide better control and comfort.\", \"Integrated 3.5mm stereo headset jack lets you connect wired headsets easily.\", \"Detachable 10ft (3m) braided USB cable with hook-and-loop cable tie included.\", \"Ideal for players who prefer wired reliability and zero input lag.\", \"Plug-and-play compatibility with Xbox and Windows PCs.\", \"Designed for durability and precision at an affordable price.\"]',35),(33,28999,4.9,174,'In Stock','Beyerdynamic India Official','2–4 business days via Bluedart or Delhivery','{\"Build\": \"Made in Germany, lightweight aluminum yokes\", \"Cable\": \"Detachable with in-line remote\", \"Drivers\": \"Dynamic transducers – 45mm\", \"Impedance\": \"32 ohms – compatible with PC, console & mobile\", \"Microphone\": \"Professional condenser mic with pop filter\"}','[\"Originally designed for pilots, the MMX 300 Pro brings unmatched clarity and durability to your gaming setup.\", \"High-precision 45mm dynamic drivers offer immersive, high-resolution sound with deep bass and crisp highs.\", \"Closed-back design provides superb noise isolation, ideal for LAN events and streaming environments.\", \"Integrated professional-grade microphone delivers crystal-clear voice with built-in pop shield.\", \"Robust aluminum yokes and padded headband ensure extreme durability with premium comfort.\", \"Low impedance of 32 ohms makes it perfect for PC, consoles, and even mobile devices.\", \"Includes high-quality detachable cable with in-line volume control and mute switch.\", \"German-engineered for gamers who demand audiophile-grade performance and communication.\", \"Exceptional stereo imaging helps you pinpoint footsteps and in-game cues with precision.\", \"Compatible with PS5, Xbox, PC, Mac, and more via 3.5mm or included adapters.\"]',36),(34,18999,4.6,154,'In Stock','Corsair Official India','2–4 business days via Bluedart or Delhivery','{\"Audio\": \"Hi-Res certified, Dolby Atmos compatible\", \"Battery\": \"Up to 20 hours wireless use\", \"Drivers\": \"50mm neodymium, matched pairs\", \"Microphone\": \"Detachable broadcast-grade omni-directional mic\", \"Connectivity\": \"Slipstream Wireless, Bluetooth, USB, 3.5mm\"}','[\"The Corsair Virtuoso RGB Wireless XT combines uncompromised sound quality with premium design and versatility.\", \"Enjoy ultra-low latency wireless gaming with Slipstream Wireless and seamless Bluetooth for mobile devices.\", \"Custom-tuned 50mm high-density neodymium drivers deliver a wide 20Hz–40kHz frequency response.\", \"Detachable broadcast-grade microphone ensures crisp, professional voice capture.\", \"Supports wired USB for 24-bit/96kHz audio and 3.5mm for universal compatibility.\", \"Soft memory foam earpads and lightweight aluminum construction ensure hours of comfort.\", \"Simultaneously connect to game audio and Discord or music via dual wireless modes.\", \"Integrated iCUE software for RGB lighting, EQ presets, and audio control customization.\", \"Battery life up to 20 hours ensures uninterrupted gaming, streaming, or work sessions.\", \"Compatible with PC, PS5, Xbox (wired), mobile, and more — a true all-in-one headset.\"]',37),(35,13999,4.5,127,'In Stock','EPOS India Official','3–5 business days via Bluedart or Delhivery','{\"Cable\": \"Dual 3.5mm + 4-pole cable included\", \"Design\": \"Open acoustic with lightweight frame\", \"Comfort\": \"Memory foam earcups and adjustable headband\", \"Drivers\": \"EPOS-engineered 42mm dynamic drivers\", \"Microphone\": \"Detachable lift-to-mute boom mic\"}','[\"The EPOS H6PRO offers high-fidelity audio with an open-back design for expansive natural sound.\", \"Features a studio-quality lift-to-mute microphone that’s detachable for versatility.\", \"Open acoustic design enhances spatial awareness — ideal for immersive gameplay.\", \"Soft memory foam earpads and lightweight construction provide all-day wearing comfort.\", \"Compatible with PC, PS5, Xbox, Mac, and mobile via included 3.5mm cables.\", \"EPOS proprietary 42mm drivers tuned for balanced lows, mids, and highs.\", \"Includes dual cables: one for split mic/audio and one 4-pole for consoles or mobile.\", \"Designed for gamers who need clarity, comfort, and team comm precision.\", \"Subtle design with muted colors fits gaming and professional setups alike.\", \"No need for software — plug-and-play design with outstanding performance.\"]',38),(36,7499,4.7,193,'In Stock','HyperX India Official','2–4 business days via Bluedart or Delhivery','{\"Comfort\": \"Signature memory foam & premium leatherette\", \"Drivers\": \"53mm Hi-Fi audio drivers\", \"Microphone\": \"Detachable noise-cancelling mic\", \"Connectivity\": \"3.5mm & USB with in-line audio control box\", \"Compatibility\": \"PC, PS4, Xbox, Switch, Mac, Mobile\"}','[\"HyperX Cloud II is known for its legendary comfort and clear immersive sound.\", \"53mm drivers provide precise in-game audio with powerful bass and crisp highs.\", \"Detachable noise-cancelling mic ensures crystal-clear team communication.\", \"USB sound card with in-line controls enables 7.1 virtual surround sound on PC & Mac.\", \"Memory foam cushions and headband offer long-lasting comfort for marathon sessions.\", \"Aluminum frame ensures structural strength and lightweight feel.\", \"Multi-platform compatibility: works with PC, consoles, and mobile via 3.5mm jack.\", \"Includes mesh travel bag, spare ear pads, and 2m extension cable.\", \"Certified by TeamSpeak and Discord for pro-level voice clarity.\", \"Perfect for FPS, MOBA, RPGs, and competitive eSports.\"]',39),(37,9999,4.8,167,'In Stock','Logitech G India Official','2–4 business days via Bluedart or Delhivery','{\"Sound\": \"DTS Headphone:X 2.0 7.1 surround\", \"Comfort\": \"Memory foam earpads (leatherette + velour)\", \"Drivers\": \"50mm Pro-G tuned audio drivers\", \"Microphone\": \"Detachable Blue VO!CE mic with real-time filters\", \"Connectivity\": \"USB + 3.5mm with sound card\"}','[\"Built for professional esports players, the Logitech G Pro X delivers competitive-grade performance.\", \"Features Pro-G 50mm drivers for clean, powerful, and accurate in-game audio.\", \"Includes detachable Blue VO!CE mic with real-time voice filters for clearer comms.\", \"DTS Headphone:X 2.0 offers expansive 7.1 surround for better positional audio.\", \"Durable steel and aluminum construction designed for extended gaming sessions.\", \"Comes with USB sound card for PC and 3.5mm cable for consoles and mobile.\", \"Two ear pad sets included — soft leatherette and breathable velour.\", \"Pro-tuned EQ profiles via Logitech G HUB software for ultimate control.\", \"Ideal for CS:GO, Valorant, Rainbow Six, and all high-focus titles.\", \"Trusted by top esports pros and tournament players worldwide.\"]',40),(38,8999,4.7,148,'In Stock','Razer India Official','2–4 business days via Bluedart or Delhivery','{\"Comfort\": \"Ultra-soft FlowKnit memory foam cushions\", \"Drivers\": \"50mm Razer TriForce Titanium\", \"Surround\": \"THX Spatial Audio (PC only)\", \"Microphone\": \"Detachable HyperClear Cardioid Mic\", \"Connectivity\": \"3.5mm jack + USB sound card\"}','[\"The Razer BlackShark V2 delivers tournament-grade performance with incredible comfort.\", \"Powered by Razer\'s TriForce Titanium 50mm drivers for rich, layered audio across highs, mids, and lows.\", \"Equipped with a detachable Razer HyperClear Cardioid Mic certified by Discord.\", \"THX Spatial Audio provides immersive 360-degree sound (USB card required, PC only).\", \"Ultra-soft breathable FlowKnit ear cushions prevent overheating and pressure.\", \"Lightweight design with clamping force optimized for extended sessions.\", \"In-line controls and USB sound card enable quick adjustments and mic tuning.\", \"Multi-platform support via 3.5mm cable — works with PC, Xbox, PlayStation, Switch, and mobile.\", \"Ideal for FPS titles and competitive play with its precise directional audio.\", \"Sleek black aviation-style design with subtle green Razer accents.\"]',43),(39,27999,4.9,188,'In Stock','SteelSeries Official India','2–3 business days via Bluedart or Delhivery','{\"Audio\": \"Hi-Res certified with GameDAC Gen 2\", \"Battery\": \"Hot-swap dual battery system (22+ hours each)\", \"Drivers\": \"High-fidelity 40mm Neodymium\", \"Microphone\": \"Retractable ClearCast Gen 2 noise-cancelling mic\", \"Connectivity\": \"Dual Wireless 2.4GHz + Bluetooth\"}','[\"The Arctis Nova Pro Wireless delivers audiophile-grade gaming with active noise cancellation and dual wireless modes.\", \"Comes with GameDAC Gen 2 for powerful onboard audio customization, 96kHz/24-bit sound, and ChatMix control.\", \"Retractable ClearCast Gen 2 mic delivers broadcast-quality voice with AI-powered noise cancellation.\", \"Dual wireless capability allows simultaneous 2.4GHz low-latency gaming and Bluetooth audio streaming.\", \"Hot-swappable dual battery system keeps you playing without ever powering down.\", \"Active noise cancellation with transparency mode offers immersive yet controllable sound isolation.\", \"Premium lightweight design with adjustable comfort bands and memory foam ear cushions.\", \"Multi-platform compatibility including PC, PlayStation, Switch, mobile, and more.\", \"Fully customizable EQ, mic tuning, and sidetone via SteelSeries Sonar software.\", \"Perfect for pro gamers and streamers who demand studio-grade audio performance.\"]',45),(40,12999,4.6,139,'In Stock','Turtle Beach India','3–5 business days via Bluedart or Delhivery','{\"Audio\": \"Superhuman Hearing™, DTS Headphone:X\", \"Battery\": \"Up to 20 hours on a full charge\", \"Drivers\": \"50mm Nanoclear™ speakers\", \"Microphone\": \"Flip-to-mute omnidirectional mic\", \"Connectivity\": \"2.4GHz wireless + Bluetooth dual mode\"}','[\"The Stealth 700 Gen 2 offers an immersive wireless experience with performance-tuned audio and Bluetooth convenience.\", \"Equipped with 50mm Nanoclear™ speakers for rich, immersive sound and powerful bass.\", \"Supports Turtle Beach’s Superhuman Hearing™ to amplify subtle game-critical sounds like footsteps and reloads.\", \"Flip-to-mute mic ensures quick, quiet communication control on the fly.\", \"Dual wireless connectivity lets you game while chatting on Discord or taking calls via Bluetooth.\", \"20-hour battery life keeps you powered for marathon gaming sessions with USB-C fast charging.\", \"Glasses-friendly design with Aerofit™ cooling gel-infused ear cushions for all-day comfort.\", \"Dynamic chat/game audio balance with customizable presets via Turtle Beach Audio Hub app.\", \"DTS Headphone:X surround sound enhances spatial awareness for FPS and tactical shooters.\", \"Compatible with Xbox, PlayStation, PC, and mobile — one headset for all your platforms.\"]',46),(41,23999,4.8,151,'In Stock','Astro Gaming India','2–3 business days via Bluedart or Delhivery','{\"Dock\": \"Magnetic charging Base Station with Dolby Audio\", \"Battery\": \"Up to 15+ hours of wireless gameplay\", \"Drivers\": \"40mm Neodymium drivers\", \"Microphone\": \"Unidirectional voice-isolating flip-to-mute mic\", \"Compatibility\": \"Xbox Series X|S, Xbox One, PC, Mac\"}','[\"Astro A50 delivers elite-level audio performance with wireless freedom for Xbox and PC gamers.\", \"Includes Astro Base Station for ultra-low latency, magnetic charging, and Dolby Audio decoding.\", \"Custom 40mm drivers deliver punchy bass and crystal-clear mids/highs for immersive soundscapes.\", \"Dolby Audio provides cinematic surround sound for competitive and cinematic gaming experiences.\", \"15+ hour battery life ensures long uninterrupted play sessions, and the dock charges quickly.\", \"Flip-to-mute unidirectional mic offers sharp voice capture and auto mutes when flipped up.\", \"Lightweight, padded headband with plush memory foam ear cushions for superior comfort.\", \"Integrated Game:Voice balance lets you adjust chat and game audio on the fly.\", \"Fully customizable EQ presets using the Astro Command Center software.\", \"Made for serious gamers who want top-tier wireless audio and convenience.\"]',47),(42,17999,4.9,162,'In Stock','Corsair India Official','2–4 business days via Bluedart or Delhivery','{\"Build\": \"Aircraft-grade aluminum frame\", \"Macro\": \"6 dedicated macro keys with Elgato Stream Deck support\", \"Controls\": \"Programmable iCUE control wheel\", \"Lighting\": \"Per-key RGB with 44-zone LightEdge\", \"Switches\": \"Corsair OPX Optical-Mechanical\"}','[\"The Corsair K100 RGB sets the gold standard for high-end gaming keyboards with unmatched performance and aesthetics.\", \"Powered by Corsair AXON Hyper-Processing Technology for up to 4x faster input processing.\", \"Corsair OPX Optical-Mechanical switches deliver lightning-fast actuation and durability up to 150 million keystrokes.\", \"Per-key RGB backlighting with a 44-zone LightEdge for dynamic, customizable effects.\", \"Detachable cushioned wrist rest for premium comfort during long sessions.\", \"Unique iCUE control wheel enables quick media, lighting, or macro adjustments.\", \"6 dedicated macro keys fully programmable and compatible with Elgato Stream Deck software.\", \"PBT double-shot keycaps resist wear, shine, and fading even under heavy use.\", \"USB passthrough port, dedicated media keys, and volume roller included.\", \"Built for competitive esports, content creation, and top-tier enthusiasts alike.\"]',48),(43,11499,4.8,143,'In Stock','Ducky Official India','3–5 business days via Bluedart or Delhivery','{\"Build\": \"Dual-layer PCB, sound-dampening foam\", \"Layout\": \"Standard ANSI with detachable USB-C cable\", \"Keycaps\": \"Double-shot PBT keycaps with shine-through legends\", \"Lighting\": \"Per-key RGB with onboard lighting profiles\", \"Switches\": \"Hot-swappable Cherry MX switches\"}','[\"The Ducky One 3 is a vibrant and high-performance mechanical keyboard designed for enthusiast-level typing and gaming.\", \"Equipped with hot-swappable sockets for easy switch customization without soldering.\", \"Uses premium double-shot PBT keycaps with a smooth texture and long-lasting legends.\", \"Features per-key RGB lighting with built-in dynamic effects and profile switching.\", \"Detachable braided USB-C cable for easy portability and reduced wear.\", \"Dual-layer PCB ensures signal stability and durability over years of use.\", \"Includes silicone and EVA foam layers for dampened acoustics and reduced reverb.\", \"Ergonomic three-stage feet adjustment for personalized typing angle.\", \"100% N-Key rollover with full anti-ghosting for accurate, responsive input.\", \"Perfect for both office productivity and high-end gaming setups.\"]',49),(44,8499,4.6,119,'In Stock','HyperX India Official','2–4 business days via Bluedart or Delhivery','{\"Build\": \"Aircraft-grade aluminum body\", \"Cable\": \"Detachable USB-C braided cable\", \"Layout\": \"Compact TKL design with onboard memory\", \"Lighting\": \"Full RGB with dynamic effects\", \"Switches\": \"HyperX Red linear mechanical switches\"}','[\"The HyperX Alloy Origins is a minimalist, high-performance mechanical keyboard built for gamers on the move.\", \"Equipped with HyperX mechanical switches rated for 80 million keystrokes for ultra-responsive performance.\", \"Solid aircraft-grade aluminum body provides rigidity and stability during intense gaming sessions.\", \"Compact tenkeyless layout maximizes desktop space while maintaining full functionality.\", \"Full RGB backlighting with customizable per-key lighting and dynamic lighting effects.\", \"Detachable braided USB-C cable makes travel and setup a breeze.\", \"Onboard memory allows storage of up to three custom profiles without software.\", \"Game Mode, 100% anti-ghosting, and N-Key rollover ensure precise inputs every time.\", \"Compatible with HyperX NGENUITY software for advanced lighting and macro programming.\", \"Perfect for competitive players who need a portable yet powerful gaming keyboard.\"]',50),(45,18999,4.9,155,'In Stock','Logitech G India Official','2–4 business days via Bluedart or Delhivery','{\"Build\": \"Aircraft-grade aluminum alloy top case\", \"Battery\": \"Up to 40 hours per charge (USB-C)\", \"Lighting\": \"Per-key LIGHTSYNC RGB\", \"Switches\": \"Low-profile GL Tactile switches\", \"Connectivity\": \"LIGHTSPEED Wireless + Bluetooth dual-mode\"}','[\"The Logitech G915 TKL delivers precision, performance, and premium style in a wireless mechanical form factor.\", \"Features low-profile GL Tactile switches for fast and responsive typing with satisfying feedback.\", \"LIGHTSPEED wireless technology delivers professional-grade, low-latency gaming performance.\", \"Dual connectivity lets you switch between LIGHTSPEED wireless and Bluetooth instantly.\", \"Sleek tenkeyless design maximizes desk space while maintaining full functionality and performance.\", \"Per-key RGB lighting powered by LIGHTSYNC can be customized with animations and effects via G HUB.\", \"Built with aircraft-grade aluminum alloy for a durable and ultra-slim body.\", \"Battery lasts up to 40 hours with RGB on and charges fully in just 3 hours with USB-C.\", \"Dedicated media controls and volume roller for seamless playback control.\", \"Perfect for gamers who want minimalist aesthetics with top-tier wireless gaming performance.\"]',51),(46,13999,4.7,138,'In Stock','Razer India Official','2–4 business days via Bluedart or Delhivery','{\"Build\": \"Aluminum top plate with doubleshot PBT keycaps\", \"Sound\": \"Dampened keystrokes with built-in foam\", \"Extras\": \"Detachable wrist rest, USB-C connectivity\", \"Lighting\": \"Razer Chroma RGB with 16.8 million colors\", \"Switches\": \"Razer Linear Optical Gen-2 switches\"}','[\"The Razer Huntsman V2 is built for speed, precision, and quiet performance.\", \"Gen-2 linear optical switches provide ultra-fast actuation with sound dampening for silent gameplay.\", \"Durable aluminum construction with matte finish ensures both form and function.\", \"Features Razer Chroma RGB for per-key lighting with millions of colors and preset effects.\", \"Comes with a magnetic plush leatherette wrist rest for added comfort during long hours.\", \"Doubleshot PBT keycaps offer improved durability and a premium typing feel.\", \"Polling rate up to 8000Hz ensures rapid input transmission for competitive play.\", \"Onboard memory allows for up to 5 custom profiles without software.\", \"Compatible with Razer Synapse for macros, remaps, and lighting effects.\", \"Detachable braided USB-C cable provides portability and reliability.\"]',53),(47,10999,4.7,124,'In Stock','Roccat India','3–5 business days via Bluedart or Delhivery','{\"Build\": \"Reinforced aluminum top plate\", \"Design\": \"Low-profile keycaps with transparent switch housing\", \"Features\": \"Advanced anti-ghosting, detachable palm rest\", \"Lighting\": \"AIMO intelligent per-key RGB illumination\", \"Switches\": \"Roccat Titan Tactile Mechanical Switches\"}','[\"The Roccat Vulcan 121 AIMO combines precise engineering and striking aesthetics for immersive gaming.\", \"Features Titan tactile switches with a fast actuation point and firm keypress feel for accurate gameplay.\", \"AIMO lighting engine intelligently responds to usage, delivering vivid, fluid RGB effects.\", \"Top plate is crafted from brushed aluminum for structural integrity and sleek design.\", \"Low-profile keycaps improve ergonomics and let the RGB lighting shine brightly.\", \"Comes with a detachable palm rest for added support and comfort during long gaming sessions.\", \"Advanced anti-ghosting and 100% NKRO ensure every keystroke is registered.\", \"Integrated media controls and volume knob for seamless in-game adjustments.\", \"Customizable through Roccat Swarm software with macro support and lighting profiles.\", \"Built for gamers who want responsive keys, durable construction, and RGB brilliance.\"]',54),(48,18999,4.9,160,'In Stock','SteelSeries India','2–4 business days via Bluedart or Delhivery','{\"Build\": \"Aircraft-grade aluminum alloy frame\", \"Display\": \"Customizable OLED Smart Display\", \"Lighting\": \"Per-key RGB illumination\", \"Switches\": \"OmniPoint Adjustable Mechanical Switches\", \"Wrist Rest\": \"Magnetic soft-touch palm rest\"}','[\"The Apex Pro is the world’s fastest and most customizable mechanical keyboard.\", \"Features OmniPoint adjustable mechanical switches that allow per-key actuation customization from 0.4mm to 3.6mm.\", \"OLED Smart Display lets you see profiles, Discord messages, game info, and more directly on your keyboard.\", \"Aircraft-grade aluminum alloy construction ensures long-term durability and sleek aesthetics.\", \"Per-key RGB lighting customizable with dynamic effects using SteelSeries Engine.\", \"Includes a premium magnetic wrist rest with soft-touch coating for unmatched comfort.\", \"Fully programmable with macros and profiles saved directly to onboard memory.\", \"USB passthrough port allows easy connectivity for peripherals or charging.\", \"Dedicated multimedia controls with clickable metal roller for quick access.\", \"Compatible with Windows and macOS, ideal for both gaming and professional work.\"]',55),(49,16999,4.8,118,'In Stock','Wooting India','3–5 business days via Bluedart or Delhivery','{\"Build\": \"Compact full-size layout with ABS case and PBT caps\", \"Input\": \"Analog input with adjustable actuation and rapid trigger\", \"Lighting\": \"Per-key RGB with Wootility software control\", \"Switches\": \"Lekker Analog Optical Switches\", \"Compatibility\": \"Windows, macOS, and Linux via USB-C\"}','[\"The Wooting Two is a full-size gaming keyboard with true analog input for next-gen control.\", \"Powered by Lekker switches that use magnetic Hall Effect sensing for smooth, analog movement.\", \"Analog keys provide variable movement control in racing, FPS, and stealth games.\", \"Rapid trigger mode allows instant reset and actuation, ideal for competitive FPS performance.\", \"Adjustable actuation point per key from 0.1mm to 4.0mm via Wootility software.\", \"Full N-Key rollover and 1000Hz polling rate ensure unmatched responsiveness.\", \"Per-key RGB lighting with effects and profiles fully customizable in Wootility.\", \"Includes double-shot PBT keycaps and hot-swappable switches.\", \"Works plug-and-play on Windows, macOS, and Linux with USB-C connection.\", \"Built for competitive gamers seeking the most precise keyboard experience available.\"]',56),(50,34999,4.8,132,'In Stock','Acer Official India','2–5 business days via Bluedart or Delhivery','{\"Sync\": \"NVIDIA G-SYNC Compatible\", \"Brightness\": \"VESA DisplayHDR 400 certified\", \"Resolution\": \"2560x1440 (WQHD)\", \"Screen Size\": \"27 inches\", \"Refresh Rate\": \"170Hz (Overclocked)\"}','[\"The Acer Predator XB273U delivers a competitive edge with its 170Hz overclocked refresh rate and crisp WQHD resolution.\", \"Equipped with a fast IPS panel for accurate color reproduction and wide viewing angles.\", \"Supports NVIDIA G-SYNC for tear-free, stutter-free gameplay at high frame rates.\", \"DisplayHDR 400 certified with 400 nits brightness for enhanced contrast and vivid colors.\", \"0.5ms response time ensures ultra-smooth visuals even in fast-paced FPS or racing games.\", \"Ergonomic stand offers height, pivot, swivel, and tilt adjustments for optimal comfort.\", \"ZeroFrame design reduces bezels for seamless multi-monitor setups.\", \"Multiple connectivity options including DisplayPort, HDMI, and USB 3.0 hub.\", \"Integrated eye-care tech includes BlueLightShield and Flickerless technology.\", \"Perfect for esports, creative workflows, and immersive AAA gaming.\"]',57),(51,124999,4.9,95,'In Stock','Dell India Official','3–6 business days via Bluedart or Delhivery','{\"HDR\": \"VESA DisplayHDR True Black 400\", \"Panel Type\": \"QD-OLED (Quantum Dot OLED)\", \"Resolution\": \"3440x1440 (UWQHD)\", \"Screen Size\": \"34.18 inches\", \"Refresh Rate\": \"165Hz with FreeSync Premium Pro\"}','[\"Experience cutting-edge visuals with the Alienware AW3423DWF’s QD-OLED panel delivering perfect blacks and vivid colors.\", \"Features a 165Hz refresh rate and 0.1ms GtG response for buttery smooth gameplay and zero motion blur.\", \"Ultra-wide 21:9 aspect ratio offers immersive viewing for gaming, content creation, and multitasking.\", \"Certified with AMD FreeSync Premium Pro and NVIDIA G-SYNC compatibility for tear-free performance.\", \"Curved 1800R screen enhances immersion and reduces eye movement across the display.\", \"True Black HDR 400 support ensures deep contrast and high dynamic range visual fidelity.\", \"Factory-calibrated color accuracy out of the box — perfect for designers and creatives.\", \"Custom AlienFX lighting, slim InfinityEdge bezels, and a futuristic matte black design.\", \"Includes DisplayPort 1.4, HDMI 2.0, and USB 3.2 SuperSpeed hub.\", \"Ideal for enthusiasts seeking elite performance and OLED brilliance in an ultrawide format.\"]',58),(52,40999,4.7,109,'In Stock','AOC India Official','2–5 business days via Bluedart or Delhivery','{\"Sync\": \"AMD FreeSync Premium Pro\", \"Resolution\": \"2560x1440 (QHD)\", \"Screen Size\": \"27 inches\", \"Refresh Rate\": \"240Hz\", \"Response Time\": \"0.5ms MPRT\"}','[\"The AOC AGON AG273QZ is built for elite competitive gamers who demand the highest refresh rates and response times.\", \"Boasts an ultra-fast 240Hz refresh rate and 0.5ms response for zero motion blur during intense gameplay.\", \"QHD resolution (2560x1440) delivers stunning clarity and detail, perfect for high-performance gaming rigs.\", \"AMD FreeSync Premium Pro ensures ultra-smooth visuals with low latency and tear-free performance.\", \"Immersive RGB Light FX on the rear for stylish gaming ambiance and setup sync.\", \"Vivid color reproduction and wide viewing angles thanks to the HDR400 certified panel.\", \"Height-adjustable stand with tilt, swivel, and pivot for optimal ergonomics.\", \"Built-in shadow control and game color modes to gain an edge in dark scenes.\", \"Multiple connectivity options including DisplayPort, HDMI, and USB hub.\", \"Ideal for esports athletes and enthusiasts who crave speed and visual brilliance.\"]',59),(53,33999,4.8,110,'In Stock','BenQ Official India','2–5 business days via Bluedart or Delhivery','{\"Resolution\": \"1920x1080 (Full HD)\", \"Technology\": \"DyAc⁺ for motion clarity\", \"Screen Size\": \"24.5 inches\", \"Refresh Rate\": \"240Hz\", \"Response Time\": \"0.5ms MPRT\"}','[\"The BenQ Zowie XL2546K is the gold standard for competitive FPS gamers and esports pros.\", \"Features DyAc⁺ (Dynamic Accuracy Plus) technology to reduce motion blur during intense in-game actions.\", \"240Hz refresh rate ensures ultra-smooth gameplay, especially useful for high-speed shooters.\", \"Smaller base design provides more space for keyboard and mouse movement.\", \"Black eQualizer and Color Vibrance settings enhance visibility in dark scenes.\", \"Includes XL Setting to Share — quickly export/import monitor settings via software.\", \"S Switch allows fast profile switching and quick access to settings.\", \"Height, tilt, swivel, and pivot adjustments for optimal comfort during long sessions.\", \"Shielding hood included for focused gameplay experience in esports environments.\", \"Used by professional players across major CS:GO, Valorant, and Fortnite tournaments.\"]',60),(54,52999,4.6,96,'In Stock','Gigabyte India','2–5 business days via Bluedart or Delhivery','{\"Ports\": \"2x HDMI 2.1, 1x DisplayPort 1.4, USB-C\", \"Resolution\": \"3840x2160 (4K UHD)\", \"Screen Size\": \"32 inches\", \"Refresh Rate\": \"144Hz (160Hz OC)\", \"Response Time\": \"1ms MPRT\"}','[\"The Gigabyte M32UC is a 32-inch curved 4K monitor built for immersive and competitive gaming.\", \"Supports 144Hz native refresh rate and can overclock to 160Hz for smoother motion.\", \"Curved VA panel with excellent contrast and deep blacks — great for dark scenes.\", \"1ms MPRT response time reduces ghosting and motion blur.\", \"Equipped with HDMI 2.1, compatible with PS5 and Xbox Series X for full 4K 120Hz experience.\", \"DisplayHDR 400 certified for better dynamic range and brightness.\", \"KVM switch lets you control multiple devices with a single keyboard and mouse.\", \"Low blue light and flicker-free technology for comfortable long sessions.\", \"Adjustable stand for height, tilt, and swivel ensures ergonomic flexibility.\", \"Built-in stereo speakers — no need for external audio setup.\"]',61),(55,59999,4.7,87,'In Stock','LG Electronics India','2–5 business days via Bluedart or Delhivery','{\"Panel Type\": \"Nano IPS\", \"Resolution\": \"3840x2160 (4K UHD)\", \"Screen Size\": \"27 inches\", \"Refresh Rate\": \"144Hz\", \"Sync Support\": \"NVIDIA G-SYNC Compatible, AMD FreeSync Premium Pro\"}','[\"The LG UltraGear 27GN950 is a top-tier 4K Nano IPS display made for elite PC gamers.\", \"Delivers ultra-fast 1ms response time with exceptional color accuracy and viewing angles.\", \"Supports both G-SYNC and FreeSync Premium Pro for tear-free gameplay.\", \"VESA DisplayHDR 600 delivers bright highlights and deeper contrast in HDR content.\", \"144Hz refresh rate ensures fluid motion in competitive titles.\", \"Nano IPS technology enhances color fidelity and vibrance.\", \"4K UHD resolution gives crystal-clear details for immersive visuals.\", \"Sphere Lighting 2.0 adds customizable RGB lighting to match your setup.\", \"Fully adjustable ergonomic stand supports tilt, height, and pivot.\", \"Ideal for high-end rigs running RTX 3080/3090 or Radeon RX 7000 series.\"]',62),(56,30999,4.6,74,'In Stock','MSI Authorized Store','2–5 business days via Bluedart or Delhivery','{\"Panel Type\": \"Rapid IPS with Quantum Dot\", \"Resolution\": \"2560x1440 (QHD)\", \"Screen Size\": \"27 inches\", \"Refresh Rate\": \"170Hz (OC)\", \"Sync Support\": \"Adaptive-Sync\"}','[\"MSI G274QPF-QD offers blazing-fast refresh rates and rich colors in a sleek 27-inch QHD package.\", \"Quantum Dot technology delivers enhanced color accuracy and brightness.\", \"Rapid IPS panel ensures crisp visuals and 1ms GTG response time.\", \"170Hz refresh rate (overclocked) enables ultra-smooth gameplay.\", \"Supports Adaptive-Sync to eliminate screen tearing and stuttering.\", \"Wide color gamut with factory-calibrated colors for stunning visuals.\", \"Multiple display presets including FPS, RTS, and Eye Saver modes.\", \"Adjustable ergonomic stand supports tilt, swivel, and height adjustments.\", \"Anti-glare matte coating minimizes reflections in bright environments.\", \"Ideal for competitive gamers who want speed without sacrificing image quality.\"]',63),(57,27999,4.5,59,'In Stock','MSI Authorized Store','2–5 business days via Bluedart or Delhivery','{\"Panel Type\": \"Rapid IPS\", \"Resolution\": \"2560x1440 (QHD)\", \"Screen Size\": \"27 inches\", \"Refresh Rate\": \"165Hz\", \"Sync Support\": \"Adaptive-Sync\"}','[\"The MSI G274QPF is a fast and fluid 165Hz QHD monitor for high-FPS gaming.\", \"Rapid IPS technology delivers 1ms response time and wide color gamut.\", \"Supports Adaptive-Sync to prevent screen tearing and input lag.\", \"165Hz refresh rate makes gameplay ultra-smooth and responsive.\", \"1440p resolution offers sharp visuals without pushing GPU limits.\", \"Factory-calibrated colors make it ready out of the box for gaming or content use.\", \"Ergonomic design with tilt and height adjustment for comfortable viewing.\", \"Anti-flicker and blue light reduction features reduce eye strain.\", \"Minimal bezels on three sides — perfect for multi-monitor setups.\", \"Compatible with both NVIDIA and AMD graphics cards.\"]',64),(58,75999,4.9,118,'In Stock','Samsung Official Store','2–5 business days via Bluedart or Delhivery','{\"HDR\": \"VESA DisplayHDR 2000\", \"Panel Type\": \"Quantum Mini LED VA\", \"Resolution\": \"3840x2160 (4K UHD)\", \"Screen Size\": \"32 inches\", \"Refresh Rate\": \"240Hz\"}','[\"The Odyssey Neo G8 is the world\'s first 4K 240Hz gaming monitor, delivering the pinnacle of speed and resolution.\", \"Quantum Mini LED technology produces incredible contrast and highlights.\", \"HDR2000 certification provides peak brightness and deep blacks for stunning visuals.\", \"1000R curvature wraps around your field of view for full immersion.\", \"1ms GTG response time keeps motion blur virtually nonexistent in fast-paced games.\", \"Adaptive Sync and G-SYNC Compatibility ensure tear-free gameplay.\", \"Custom CoreSync lighting syncs RGB lighting with on-screen content.\", \"Sturdy and futuristic stand supports height, tilt, and swivel adjustment.\", \"Low input lag mode and Eye Saver mode are built for marathon sessions.\", \"HDMI 2.1 and DisplayPort 1.4 inputs ensure next-gen console and PC compatibility.\"]',65),(59,6999,4.6,64,'In Stock','Corsair India','2–4 business days via Bluedart or Delhivery','{\"DPI\": \"Up to 18,000\", \"Sensor\": \"PixArt PAW3392 Optical\", \"Battery\": \"Up to 50 hours, Qi wireless charging supported\", \"Buttons\": \"8 programmable buttons\", \"Connection\": \"Wireless (SLIPSTREAM / Bluetooth) + Wired\"}','[\"The Corsair Dark Core RGB Pro SE is built for high-speed wireless gaming with ultra-low latency and premium features.\", \"SLIPSTREAM WIRELESS ensures sub-1ms wireless latency for competitive-grade response.\", \"Supports Qi wireless charging — drop it on a wireless pad and it charges seamlessly.\", \"PixArt PAW3392 custom-tuned optical sensor delivers ultra-accurate tracking with up to 18,000 DPI.\", \"Features customizable dynamic RGB lighting across 9 zones, including a light edge.\", \"8 fully programmable buttons let you customize macros and controls to match your playstyle.\", \"Comfortable contoured shape with two included interchangeable side grips for custom fit.\", \"Can switch between SLIPSTREAM, Bluetooth, or USB wired — perfect for multi-device setups.\", \"Onboard profile storage allows saving lighting and macros without needing software every time.\", \"Battery lasts up to 50 hours on a single charge — great for long sessions.\"]',66),(60,4699,4.7,81,'In Stock','Glorious India','2–5 business days via Bluedart or Delhivery','{\"DPI\": \"Up to 12,000\", \"Sensor\": \"PixArt PMW-3360\", \"Weight\": \"67g (Matte) / 68g (Glossy)\", \"Buttons\": \"6 programmable buttons\", \"Connection\": \"Ultra-flexible Ascended Cord (Wired)\"}','[\"The Glorious Model O is engineered for competitive gaming with an ultra-light design and esports-grade features.\", \"Weighs just 67 grams thanks to the signature honeycomb shell — ultra-light but durable.\", \"PixArt 3360 optical sensor offers precise tracking with zero acceleration or prediction.\", \"Flexible Ascended Cord feels like a wireless experience in wired form.\", \"G-Skates premium mouse feet (100% PTFE) allow smooth, low-friction glide on any surface.\", \"6 programmable buttons give you control over your layout and macros.\", \"DPI indicator light on the underside shows current DPI level without needing software.\", \"RGB lighting zones on both sides and scroll wheel for a personalized setup.\", \"Ambidextrous shape optimized for right-handed users with claw or fingertip grip.\", \"Ideal for FPS and fast-paced titles where lightweight speed matters most.\"]',67),(61,3899,4.6,72,'In Stock','HyperX India','2–4 business days via Bluedart or Delhivery','{\"DPI\": \"Up to 16,000\", \"Cable\": \"HyperFlex USB Cable (Wired)\", \"Sensor\": \"PixArt PAW3335\", \"Weight\": \"59g (without cable)\", \"Switches\": \"TTC Golden Micro Dustproof\"}','[\"The HyperX Pulsefire Haste is built for speed with an ultra-lightweight honeycomb shell design.\", \"Weighs only 59 grams, making it perfect for flick shots and rapid movement in FPS games.\", \"PixArt 3335 sensor offers high precision with DPI up to 16,000 and smooth tracking.\", \"TTC Golden micro switches are rated for 60 million clicks and offer solid tactile feedback.\", \"HyperFlex USB cable is flexible and reduces drag for near-wireless feel.\", \"Virgin-grade PTFE skates ensure effortless glide on all mousepads.\", \"6 programmable buttons can be customized via HyperX NGENUITY software.\", \"Built-in RGB lighting in the scroll wheel with adjustable effects.\", \"Dustproof switches enhance durability, even under heavy usage.\", \"Ideal for gamers looking for a competitive, lightweight, and precise mouse.\"]',68),(62,9999,4.9,145,'In Stock','Logitech G Official','2–4 business days via Bluedart or Delhivery','{\"DPI\": \"100 – 25,600\", \"Sensor\": \"HERO 25K\", \"Weight\": \"<63g\", \"Connection\": \"LIGHTSPEED Wireless\", \"Battery Life\": \"Up to 70 hours\"}','[\"The Logitech G Pro X Superlight is the pinnacle of esports mice, designed for speed, precision, and reliability.\", \"Weighs less than 63g while maintaining a solid, premium build — no holes or honeycomb cutouts.\", \"HERO 25K sensor offers ultra-accurate tracking with zero smoothing, acceleration, or filtering.\", \"LIGHTSPEED Wireless delivers sub-1ms latency and rock-solid connection trusted by pro gamers.\", \"PTFE zero-additive feet provide a smooth, frictionless glide on any surface.\", \"Designed in collaboration with top esports athletes for maximum competitive advantage.\", \"Ambidextrous shape optimized for right-handed players with low-profile buttons.\", \"Long battery life — up to 70 hours on a single charge with consistent performance.\", \"Compatible with Logitech G HUB for DPI tuning, key remaps, and performance settings.\", \"No RGB — fully performance-focused with minimalist aesthetics.\"]',69),(63,1499,4.5,198,'In Stock','Logitech India','2–4 business days via Bluedart or Delhivery','{\"DPI\": \"200 – 8,000\", \"Sensor\": \"Gaming-grade Optical\", \"Buttons\": \"6 programmable buttons\", \"Lighting\": \"LIGHTSYNC RGB (3 zones)\", \"Connection\": \"USB Wired\"}','[\"The Logitech G102 is a budget-friendly gaming mouse built for accuracy and style.\", \"Gaming-grade optical sensor provides fast response and accurate cursor control up to 8,000 DPI.\", \"LIGHTSYNC RGB allows customization with up to 16.8 million colors and animation effects.\", \"Classic 6-button layout suits both casual and competitive players.\", \"Onboard memory stores your DPI and lighting settings even without software.\", \"Mechanical button tensioning ensures consistent click feel and faster actuation.\", \"Compatible with Logitech G HUB software for full customization.\", \"Smooth-gliding feet and low weight make it comfortable for extended gaming sessions.\", \"Great entry-level choice for gamers looking to upgrade from basic office mice.\", \"Trusted brand and build quality — perfect for FPS, MOBA, and everyday use.\"]',70),(64,11999,4.9,102,'In Stock','Logitech G Official','2–4 business days via Bluedart or Delhivery','{\"Sensor\": \"HERO 25K\", \"Buttons\": \"13 programmable\", \"Switches\": \"LIGHTFORCE hybrid optical-mechanical\", \"Connection\": \"LIGHTSPEED Wireless + USB-C wired\", \"Battery Life\": \"Up to 120 hours (RGB off)\"}','[\"The Logitech G502 X Plus is the evolution of the iconic G502, now upgraded with next-gen wireless tech and hybrid optical-mechanical switches.\", \"LIGHTFORCE switches combine speed of optical with tactile mechanical feel — ideal for competitive and precise inputs.\", \"LIGHTSPEED wireless delivers ultra-low latency and pro-grade performance.\", \"HERO 25K sensor offers pixel-precise tracking with DPI up to 25,600 and zero smoothing or acceleration.\", \"13 programmable buttons including a repositionable DPI-shift (sniper) button.\", \"LIGHTSYNC RGB flows beautifully across 8 customizable zones.\", \"Comfort-focused ergonomics with textured thumb rest and durable build.\", \"USB-C fast charging delivers hours of play in minutes.\", \"Compatible with Logitech PowerPlay wireless charging (sold separately).\", \"Ideal for FPS, MOBA, RTS, and productivity with full onboard profile storage and macros.\"]',71),(65,12999,4.9,88,'In Stock','Razer India','2–5 business days via Bluedart or Delhivery','{\"DPI\": \"Up to 30,000\", \"Sensor\": \"Razer Focus Pro 30K Optical\", \"Weight\": \"63g\", \"Switches\": \"Optical Gen-3\", \"Battery Life\": \"Up to 90 hours (via 2.4GHz)\"}','[\"The Razer DeathAdder V3 Pro is the ultimate evolution of one of the most iconic gaming mice, made lighter and faster for esports dominance.\", \"Only 63g — extremely lightweight while keeping Razer’s legendary ergonomic shape.\", \"Powered by the Razer Focus Pro 30K optical sensor for flawless tracking and precision.\", \"2.4GHz Razer HyperSpeed Wireless ensures ultra-low latency for pro-level performance.\", \"Third-gen Razer Optical Mouse Switches offer lightning-fast response with zero double-click issues.\", \"Customizable DPI stages and lift-off distance for enhanced control.\", \"Textured side grip and smooth matte surface for stable handling.\", \"Compatible with Razer HyperPolling Wireless Dongle (sold separately) for 4000Hz polling.\", \"USB-C charging port with included Speedflex cable — use wired or wireless.\", \"Ideal for competitive FPS, MOBA, and battle royale players demanding every edge.\"]',72),(66,8999,4.7,77,'In Stock','Roccat India','2–5 business days via Bluedart or Delhivery','{\"Sensor\": \"Roccat Owl-Eye 19K (based on PixArt PAW3370)\", \"Weight\": \"75g\", \"Switches\": \"Titan Optical\", \"Connection\": \"2.4GHz Wireless + Bluetooth + USB-C Wired\", \"Battery Life\": \"Up to 100 hours (wireless)\"}','[\"The Roccat Kone Pro Air combines stunning design, cutting-edge wireless tech, and competitive performance.\", \"Ergonomic right-handed shape fits perfectly in hand — designed for long hours of comfortable gameplay.\", \"Dual wireless connectivity: ultra-fast 2.4GHz or Bluetooth for versatile switching.\", \"Titan Optical Switches deliver a satisfying click with lightning-fast actuation.\", \"19K DPI Owl-Eye optical sensor offers pixel-perfect precision and low-latency tracking.\", \"Lightweight build at just 75g while maintaining full shell for structural durability.\", \"Translucent RGB lighting shines through Titan scroll wheel for a unique look.\", \"Rapid charge via USB-C — 10 minutes gives 5 hours of gameplay.\", \"Heat-treated pure PTFE feet ensure buttery-smooth glide on any surface.\", \"Perfect for gamers who want both top-tier performance and signature Roccat style.\"]',73),(67,9999,4.8,91,'In Stock','SteelSeries India','2–5 business days via Bluedart or Delhivery','{\"DPI\": \"Up to 18,000\", \"Sensor\": \"SteelSeries TrueMove Air\", \"Buttons\": \"9 programmable buttons\", \"Connection\": \"2.4GHz Wireless + Bluetooth + USB-C Wired\", \"Battery Life\": \"Up to 180 hours (Bluetooth)\"}','[\"The SteelSeries Aerox 5 Wireless combines versatility and lightweight engineering for fast-paced multi-genre gameplay.\", \"Weighs only 74g, optimized for long gaming sessions without fatigue.\", \"TrueMove Air sensor provides true 1-to-1 tracking for pixel-perfect accuracy.\", \"9 programmable buttons including a 5-button side cluster for quick actions in MMOs, MOBAs, and shooters.\", \"Dual wireless connectivity: ultra-low latency 2.4GHz and Bluetooth 5.0.\", \"IP54-rated AquaBarrier™ protects against dust, water, and spills.\", \"Up to 180 hours of battery life on Bluetooth; 80+ hours on 2.4GHz with fast USB-C charging.\", \"Super mesh USB-C cable for smooth, drag-free movement in wired mode.\", \"Brilliant 3-zone PrismSync RGB with full customization via SteelSeries GG software.\", \"Perfect for gamers who need speed, durability, and tactical inputs in one ultra-light form.\"]',74),(68,4499,4.7,61,'In Stock','Zowie by BenQ India','2–5 business days via Bluedart or Delhivery','{\"DPI\": \"400 / 800 / 1600 / 3200\", \"Sensor\": \"PixArt 3360 Optical\", \"Weight\": \"90g (without cable)\", \"Connection\": \"Wired USB (plug and play)\", \"Polling Rate\": \"125 / 500 / 1000 Hz (switchable)\"}','[\"The Zowie EC2-B is a no-nonsense wired gaming mouse trusted by FPS pros worldwide.\", \"PixArt 3360 sensor delivers flawless tracking without acceleration or smoothing.\", \"Ergonomic right-handed design with perfect fit for claw and palm grip styles.\", \"Plug-and-play functionality with no drivers or software required — tournament ready.\", \"Predefined DPI stages with dedicated switch on the underside of the mouse.\", \"Adjustable USB report rate switch (125/500/1000Hz) for personalized performance.\", \"Optimized lift-off distance for consistent aim in low-sensitivity gaming.\", \"Matte finish provides a dry grip feel for maximum control and accuracy.\", \"Flexible rubber cable reduces drag and resists kinks during movement.\", \"Favored by CS:GO, Valorant, and Apex Legends professionals for its simplicity and precision.\"]',75);
/*!40000 ALTER TABLE `gg_lootbox_productdetail` ENABLE KEYS */;
UNLOCK TABLES;

--
-- Table structure for table `gg_lootbox_productimage`
--

DROP TABLE IF EXISTS `gg_lootbox_productimage`;
/*!40101 SET @saved_cs_client     = @@character_set_client */;
/*!50503 SET character_set_client = utf8mb4 */;
CREATE TABLE `gg_lootbox_productimage` (
  `id` bigint NOT NULL AUTO_INCREMENT,
  `image` varchar(100) NOT NULL,
  `product_detail_id` bigint NOT NULL,
  PRIMARY KEY (`id`),
  KEY `gg_lootbox_productim_product_detail_id_69af40e7_fk_gg_lootbo` (`product_detail_id`),
  CONSTRAINT `gg_lootbox_productim_product_detail_id_69af40e7_fk_gg_lootbo` FOREIGN KEY (`product_detail_id`) REFERENCES `gg_lootbox_productdetail` (`id`)
) ENGINE=InnoDB AUTO_INCREMENT=270 DEFAULT CHARSET=utf8mb4 COLLATE=utf8mb4_0900_ai_ci;
/*!40101 SET character_set_client = @saved_cs_client */;

--
-- Dumping data for table `gg_lootbox_productimage`
--

LOCK TABLES `gg_lootbox_productimage` WRITE;
/*!40000 ALTER TABLE `gg_lootbox_productimage` DISABLE KEYS */;
INSERT INTO `gg_lootbox_productimage` VALUES (17,'products/details/img2_VM2BBxt.png',3),(18,'products/details/img3_m4Pnsdq.png',3),(19,'products/details/img4_zJDqQTW.png',3),(20,'products/details/img2_WWfsvT5.png',4),(21,'products/details/img3_Gybz7fq.png',4),(22,'products/details/img4_USA3od0.png',4),(31,'products/details/img2_KXZvSRx.png',6),(32,'products/details/img3_JozdqJ9.png',6),(33,'products/details/img4_cYXcgHj.png',6),(37,'products/details/img2_ntB66aG.png',8),(38,'products/details/img3_kivijk1.png',8),(39,'products/details/img2_YFI5eVs.png',9),(40,'products/details/img3_OER0KjN.png',9),(41,'products/details/img4_6uvPj82.png',9),(42,'products/details/img1_UbfnCuF.png',10),(43,'products/details/img2_3VeCLqp.png',10),(44,'products/details/img2_buOiK3K.png',11),(45,'products/details/img3_YVJrhvp.png',11),(46,'products/details/img2_EO2Cww7.png',12),(50,'products/details/img2_WSdlOzv.png',14),(51,'products/details/img3_hsMuBMX.png',14),(52,'products/details/img4_6EPHcKd.png',14),(53,'products/details/img2_PaJqRIt.png',15),(54,'products/details/img3_riE8vpN.png',15),(55,'products/details/img4_Tjb9NZu.png',15),(56,'products/details/img5.png',15),(57,'products/details/img6.png',15),(58,'products/details/img2_XqNP16z.png',16),(59,'products/details/img3_IRsQfpC.png',16),(60,'products/details/img4_4MBSrWE.png',16),(61,'products/details/img5_QLBZ99g.png',16),(62,'products/details/img2_7LJXS4r.png',17),(63,'products/details/img4_FtIda2D.png',17),(64,'products/details/img5_sTPMNyy.png',17),(65,'products/details/imgg3.png',17),(66,'products/details/img2_yXkcR1q.png',18),(67,'products/details/img3_JTb5tcx.png',18),(68,'products/details/img4_hFxmBVv.png',18),(69,'products/details/img5_EGrKUtD.png',18),(70,'products/details/img2_ValTpYW.png',19),(71,'products/details/img3_55QD6It.png',19),(72,'products/details/img4_g69xzrp.png',19),(73,'products/details/img5_NUNNELz.png',19),(78,'products/details/img2_LJWY7tw.png',21),(79,'products/details/img3_0sTYY8u.png',21),(80,'products/details/img4_NPc0er4.png',21),(81,'products/details/img5_bCsTXmQ.png',21),(82,'products/details/img2_hgktGNv.png',22),(83,'products/details/img3_TMyUwuu.png',22),(84,'products/details/img2_nJ5HleO.png',23),(85,'products/details/img3_KYZ5mjf.png',23),(86,'products/details/img4_Z6doWbE.png',23),(87,'products/details/img5_GJNP6Dp.png',23),(88,'products/details/img2_Frxfgih.png',24),(89,'products/details/img3_1lRgdXJ.png',24),(90,'products/details/img4_0BS1v0H.png',24),(91,'products/details/img5_woSzrEJ.png',24),(92,'products/details/img2_Fha9ZB6.png',25),(93,'products/details/img3_Ta0F4Yg.png',25),(94,'products/details/img4_101Bslh.png',25),(95,'products/details/img2_RJAWn4K.png',26),(96,'products/details/img3_22HI2aY.png',26),(97,'products/details/img4_YnczdRO.png',26),(98,'products/details/img5_68Blizp.png',26),(99,'products/details/img2_8UyXjia.png',27),(100,'products/details/img3_g0uotGO.png',27),(101,'products/details/img4_lBDjbpW.png',27),(102,'products/details/img5_dnCiNzK.png',27),(103,'products/details/img6_nH7OvZZ.png',27),(104,'products/details/img2_ouaB2jL.png',28),(105,'products/details/img3_Fe88qNV.png',28),(106,'products/details/img4_8w7pwLN.png',28),(107,'products/details/img4_NokDmck.png',28),(108,'products/details/img5_HB4jIkF.png',28),(109,'products/details/img6_UY9fBe5.png',28),(110,'products/details/img2_2gQdL5L.png',29),(111,'products/details/img3_zClFS7w.png',29),(112,'products/details/img4_QOKGS87.png',29),(113,'products/details/img2_83OAAhZ.png',30),(114,'products/details/img3_XYIsctl.png',30),(115,'products/details/img4_xK1hA0J.png',30),(116,'products/details/img5_l0t8xsm.png',30),(117,'products/details/img2_WTLdgmp.png',31),(118,'products/details/img3_7k2rlya.png',31),(119,'products/details/img4_1poKRua.png',31),(120,'products/details/img5_gYR4s8u.png',31),(121,'products/details/img6_2soQZe3.png',31),(122,'products/details/img2_Z4rhNR6.png',32),(123,'products/details/img3_U91eOoA.png',32),(124,'products/details/img4_LJoKSlE.png',32),(125,'products/details/img5_coK5TeI.png',32),(126,'products/details/img6_vck8UmW.png',32),(127,'products/details/img2_flADoHY.png',33),(128,'products/details/img3_lwJu7bf.png',33),(129,'products/details/img4_G65a496.png',33),(130,'products/details/img5_JweZ1l6.png',33),(131,'products/details/img2_CIk7HvU.png',34),(132,'products/details/img3_Yp7zq5H.png',34),(133,'products/details/img4_qD81vGe.png',34),(134,'products/details/img5_mymZM7q.png',34),(135,'products/details/img2_LEJe8ah.png',35),(136,'products/details/img3_drVV1Gy.png',35),(137,'products/details/img4_Zexx04D.png',35),(138,'products/details/img5_y5WrAMk.png',35),(139,'products/details/img2_pJHuu3Y.png',36),(140,'products/details/img3_gwnRRvw.png',36),(141,'products/details/img4_NbJjOnM.png',36),(142,'products/details/img5_LbCgQYu.png',36),(143,'products/details/img2_sz8cVJZ.png',37),(144,'products/details/img3_PzsEVLO.png',37),(145,'products/details/img4_5CSOF6D.png',37),(146,'products/details/img5_cUfHIqN.png',37),(147,'products/details/img2_946qms4.png',37),(148,'products/details/img3_h4MYLyK.png',37),(149,'products/details/img4_52Gw20a.png',37),(150,'products/details/img5_GdP2K9y.png',37),(151,'products/details/img2_Aht32y4.png',38),(152,'products/details/img3_qid5L8n.png',38),(153,'products/details/img4_95nIQwP.png',38),(154,'products/details/img5_xoJ906w.png',38),(155,'products/details/img2_MrOAtBp.png',38),(156,'products/details/img3_XBmjYSM.png',38),(157,'products/details/img4_zY1CYfS.png',38),(158,'products/details/img5_HOMhxvJ.png',38),(159,'products/details/img2_MW61NJP.png',39),(160,'products/details/img3_guk8fGo.png',39),(161,'products/details/img4_TkLRupF.png',39),(162,'products/details/img5_TVwWm0s.png',39),(163,'products/details/img2_i5vJv2U.png',40),(164,'products/details/img3_RLj6I5e.png',40),(165,'products/details/img4_ZYdqucD.png',40),(166,'products/details/img5_qNCnnEs.png',40),(167,'products/details/img2_FaYiQYZ.png',41),(168,'products/details/img3_B3zwjQ3.png',41),(169,'products/details/img4_ulwXtye.png',41),(170,'products/details/img5_xkQInhw.png',41),(171,'products/details/img2_bG35qZH.png',42),(172,'products/details/img3_eVnnf8w.png',42),(173,'products/details/img4_mXdkPzR.png',42),(174,'products/details/img5_Z27jtgp.png',42),(175,'products/details/img6_zO3x8JI.png',42),(176,'products/details/img2_pB7nd6F.png',43),(177,'products/details/img3_HEBtTwY.png',43),(178,'products/details/img2_cltMGXI.png',44),(179,'products/details/img3_a9sLu0m.png',44),(180,'products/details/img4_7PWu413.png',44),(181,'products/details/img5_BjsMeXw.png',44),(182,'products/details/img2_HXewlDs.png',45),(183,'products/details/img3_HWMj4lY.png',45),(184,'products/details/img4_vFwR7Me.png',45),(185,'products/details/img5_d23TASG.png',45),(186,'products/details/img2_aGXIlBY.png',46),(187,'products/details/img3_F1zklAj.png',46),(188,'products/details/img4_BJjD5Ds.png',46),(189,'products/details/img2_VZyNHfP.png',47),(190,'products/details/img3_J2pWHVA.png',47),(191,'products/details/img4_LNNqIe2.png',47),(192,'products/details/img2_HFyK0ir.png',48),(193,'products/details/img3_BUDzsr6.png',48),(194,'products/details/img4_IUB1HlS.png',48),(195,'products/details/img5_jUE2igd.png',48),(196,'products/details/img2_xl5okM3.png',50),(197,'products/details/img3_qt8NvHF.png',50),(198,'products/details/img4_1HmUXis.png',50),(199,'products/details/img5_qLoVbf8.png',50),(200,'products/details/img6_DdplmCE.png',50),(201,'products/details/img2_sns5m9y.png',51),(202,'products/details/img3_z3wU7LL.png',51),(203,'products/details/img4_P3aCyVi.png',51),(204,'products/details/img5_SgHTE0m.png',51),(205,'products/details/img2_G93AXOy.png',52),(206,'products/details/img3_78MVNP2.png',52),(207,'products/details/img4_lu4m3Ei.png',52),(208,'products/details/img5_CqzFm5m.png',52),(209,'products/details/img6_EfkezQe.png',52),(210,'products/details/img2_R8udnZ2.png',53),(211,'products/details/img3_cGbpgsT.png',53),(212,'products/details/img4_0KHbgKr.png',53),(213,'products/details/img5_V8aUxd6.png',53),(214,'products/details/img2_kWjVFqN.png',54),(215,'products/details/img3_fcNlYOZ.png',54),(216,'products/details/img4_AyRUf3A.png',54),(217,'products/details/img5_wNaBjO0.png',54),(218,'products/details/img6_Rg7TTul.png',54),(219,'products/details/img7.png',54),(220,'products/details/img2_wWpq4ZT.png',55),(221,'products/details/img3_0iFHXcl.png',55),(222,'products/details/img4_FXm6XwG.png',55),(223,'products/details/img5_9J7l7nO.png',55),(224,'products/details/img6_RuM2Ors.png',55),(225,'products/details/img2_uiFAHIG.png',56),(226,'products/details/img3_ZsQMePQ.png',56),(227,'products/details/img4_SXQQSA8.png',56),(228,'products/details/img5_gw3AxQw.png',56),(229,'products/details/img3_xkig5p3.png',56),(230,'products/details/img2_E7hzgO1.png',57),(231,'products/details/img3_mWnsgFC.png',57),(232,'products/details/img4_Bv6vUuL.png',57),(233,'products/details/img2_llrdBWz.png',58),(234,'products/details/img3_XL2NGMo.png',58),(235,'products/details/img4_tu6IjvV.png',58),(236,'products/details/img5_plWEBLk.png',58),(237,'products/details/img2_9eWzvPt.png',59),(238,'products/details/img3_9mqm9We.png',59),(239,'products/details/img2_4VWrWPL.png',60),(240,'products/details/img3_g89L7Yz.png',60),(241,'products/details/img4_psjDNbB.png',60),(242,'products/details/img5_V3735TZ.png',60),(243,'products/details/img2_MOyoymT.png',61),(244,'products/details/img3_83zJHei.png',61),(245,'products/details/img4_0mxBVzn.png',61),(246,'products/details/img5_vTNymf5.png',61),(247,'products/details/img2_G6bUOsz.png',62),(248,'products/details/img3_ALBvb30.png',62),(249,'products/details/img4_WXJvmV1.png',62),(250,'products/details/img2_UJtP5IL.png',62),(251,'products/details/img3_xRgi7VZ.png',63),(252,'products/details/img4_0g8zlPQ.png',63),(253,'products/details/img2_k2JTK2b.png',64),(254,'products/details/img3_3FtiwB1.png',64),(255,'products/details/img4_MYveWT8.png',64),(256,'products/details/img2_hLzg2V4.png',65),(257,'products/details/img3_Wpjxfez.png',65),(258,'products/details/img4_q3d1Dvy.png',65),(259,'products/details/img2_vex9NJb.png',66),(260,'products/details/img3_2eovY7Q.png',66),(261,'products/details/img4_mf3VnH8.png',66),(262,'products/details/img2_WzFCldE.png',67),(263,'products/details/img3_94aefZu.png',67),(264,'products/details/img4_qomMLGW.png',67),(265,'products/details/img5_tecVKcJ.png',67),(266,'products/details/img2_R1ZAfh5.png',68),(267,'products/details/img3_VLFVAI3.png',68),(268,'products/details/img4_pPZxvvr.png',68),(269,'products/details/img4_KqfdMG0.png',68);
/*!40000 ALTER TABLE `gg_lootbox_productimage` ENABLE KEYS */;
UNLOCK TABLES;

--
-- Table structure for table `gg_lootbox_review`
--

DROP TABLE IF EXISTS `gg_lootbox_review`;
/*!40101 SET @saved_cs_client     = @@character_set_client */;
/*!50503 SET character_set_client = utf8mb4 */;
CREATE TABLE `gg_lootbox_review` (
  `id` bigint NOT NULL AUTO_INCREMENT,
  `user` varchar(100) NOT NULL,
  `comment` longtext NOT NULL,
  `rating` double NOT NULL,
  `created_at` datetime(6) NOT NULL,
  `product_id` bigint NOT NULL,
  PRIMARY KEY (`id`),
  KEY `gg_lootbox_review_product_id_1765628e_fk_gg_lootbox_product_id` (`product_id`),
  CONSTRAINT `gg_lootbox_review_product_id_1765628e_fk_gg_lootbox_product_id` FOREIGN KEY (`product_id`) REFERENCES `gg_lootbox_product` (`id`)
) ENGINE=InnoDB AUTO_INCREMENT=719 DEFAULT CHARSET=utf8mb4 COLLATE=utf8mb4_0900_ai_ci;
/*!40101 SET character_set_client = @saved_cs_client */;

--
-- Dumping data for table `gg_lootbox_review`
--

LOCK TABLES `gg_lootbox_review` WRITE;
/*!40000 ALTER TABLE `gg_lootbox_review` DISABLE KEYS */;
INSERT INTO `gg_lootbox_review` VALUES (22,'John Doe','This chair is amazing! Very comfortable for long hours of gaming.',4.5,'2025-03-31 22:02:50.892925',3),(23,'Jane Smith','Good chair but the armrests could be more adjustable.',3.5,'2025-03-31 22:02:57.659119',3),(24,'Alex Johnson','Love it! Best chair for the price. Highly recommend.',5,'2025-03-31 22:03:04.106107',3),(25,'Michael Brown','Decent chair but took me a while to get used to the lumbar support.',3.8,'2025-03-31 22:03:09.752470',3),(26,'Emily White','Great for gaming! My back doesn\'t hurt anymore after long sessions.',4.8,'2025-03-31 22:03:15.310183',3),(27,'Chris Lee','Feels sturdy, but the seat padding could be softer for my liking.',4,'2025-03-31 22:03:22.665526',3),(28,'Sara Mitchell','Perfect chair for my home office. Very ergonomic.',5,'2025-03-31 22:03:28.476427',3),(29,'Tom Harris','Not the most comfortable for taller individuals, but still a good chair.',3.2,'2025-03-31 22:03:32.844634',3),(30,'Kate Adams','Absolutely worth the price! Super comfortable and stylish.',5,'2025-03-31 22:03:39.379999',3),(31,'David Lee','It’s okay, but I was expecting more features for the price.',3.6,'2025-03-31 22:03:53.190347',3),(32,'John Doe','This chair is amazing! Very comfortable for long hours of gaming. The lumbar support is perfect.',5,'2025-04-01 17:00:06.075064',4),(33,'Jane Smith','Good chair, but the armrests could be more adjustable. After a few hours, the seat feels a bit firm.',3.5,'2025-04-01 17:00:15.198114',4),(34,'Alex Johnson','Love it! Best chair for the price. Very sturdy and great for my back. I can game for hours without discomfort.',4.8,'2025-04-01 17:00:57.927923',4),(35,'Michael Brown','Decent chair, but it’s too low to the ground. I wish it had more height adjustments.',3,'2025-04-01 17:01:15.570594',4),(36,'Emily White','The most comfortable chair I’ve ever used. My posture has improved significantly since I started using it.',5,'2025-04-01 17:01:22.285787',4),(37,'Chris Lee','The chair is sturdy and supports my weight well, but it could be better if the seat padding was more plush. After sitting for a while, it feels hard.',3.6,'2025-04-01 17:02:41.640293',4),(38,'Sara Mitchell','Love this chair! It fits perfectly in my setup and I can game for hours without feeling discomfort.',5,'2025-04-01 17:02:47.037361',4),(39,'Tom Harris','The build quality is fantastic, but I found the assembly instructions a bit unclear. It took me longer than expected to set up.',4,'2025-04-01 17:02:51.321285',4),(40,'Kate Adams','It’s a good chair, but the armrests are not as adjustable as I’d like. For the price, I expected more flexibility.',3.7,'2025-04-01 17:03:06.574166',4),(41,'David Lee','Not as comfortable as I expected. The seat is a bit too firm, and the armrests don’t provide enough support for my arms.',2.8,'2025-04-01 17:03:11.977947',4),(55,'Arjun M','Very comfortable for long gaming sessions. Sturdy and stylish!',4.7,'2025-04-01 17:47:22.669376',6),(56,'Arjun M','Very comfortable for long gaming sessions. Sturdy and stylish!',4.7,'2025-04-01 17:48:25.067950',6),(57,'Vikram','Easy to assemble and very premium in feel. Worth the price.',4.6,'2025-04-01 17:48:41.811419',6),(58,'Sneha S','Seat cushion is a bit firm, but overall it’s ergonomic and strong.',3.9,'2025-04-01 17:48:51.178542',6),(59,'Rahul Dev','Fantastic quality. Reclining and tilt lock work perfectly.',4.8,'2025-04-01 17:49:07.254692',6),(60,'Neha Jain','Armrests wobble a bit. Otherwise a solid chair.',3.5,'2025-04-01 17:49:13.464960',6),(61,'Siddharth','Looks premium and matches my setup. Great support.',4.3,'2025-04-01 17:49:20.257031',6),(62,'Anjali','Love the leather finish and stitching. Comfortable and stylish.',4.6,'2025-04-01 17:49:27.068900',6),(63,'Karan Singh','Feels solid. No creaking. Best chair I’ve owned so far.',4.9,'2025-04-01 17:49:34.032426',6),(64,'Pooja N','A little expensive, but quality justifies it. Happy with the buy!',4.2,'2025-04-01 17:49:42.288635',6),(65,'Manoj','Good chair, but the backrest could be a bit taller.',3.8,'2025-04-01 17:49:51.708448',6),(66,'Deepika','Super comfy and the support pillows help a lot.',4.5,'2025-04-01 17:50:00.087349',6),(67,'Nikhil Sharma','Great balance of firmness and softness. Highly recommended.',4.7,'2025-04-01 17:50:07.665218',6),(78,'Aakash Verma','Absolutely premium. The build quality feels like luxury.',5,'2025-04-01 18:26:50.062443',8),(79,'Tanvi Kapoor','Super comfortable! I sit 8+ hours daily and no back pain at all.',4.8,'2025-04-01 18:27:03.898179',8),(80,'Harshil','Recline lock works great. Best chair I’ve had so far.',4.7,'2025-04-01 18:27:11.560046',8),(81,'Sneha R','Cushion is soft but supportive. Worth the price.',4.6,'2025-04-01 18:27:18.565140',8),(82,'Rohit Singh','Magnetic panels are a cool touch. Looks amazing in my room.',4.9,'2025-04-01 18:27:31.688201',8),(83,'Priya Narayan','Pricey, but the comfort and quality are unmatched.',4.5,'2025-04-01 18:28:25.041103',8),(84,'Zaid K','A bit firm at first but softens over time. Excellent support.',4.2,'2025-04-01 18:28:31.380596',8),(85,'Aarti Mehta','Perfect chair for my editing setup. No fatigue at all.',4.8,'2025-04-01 18:28:40.469382',8),(86,'Aditya V','Build quality is solid. Wheels glide smooth on tiles.',4.6,'2025-04-01 18:28:47.365047',8),(87,'Mehul S','The backrest is wider than expected and super comfortable.',4.9,'2025-04-01 18:28:55.616016',8),(88,'Yash Arora','Firm, supportive and feels premium. Recline lock is great.',4.6,'2025-04-01 18:32:55.523934',9),(89,'Simran K','Stylish design and very comfortable for long use.',4.8,'2025-04-01 18:33:09.561170',9),(90,'Vignesh R','Carbon texture looks amazing. Matches my setup perfectly.',4.7,'2025-04-01 18:33:19.252467',9),(91,'Jaya Sinha','Armrest adjustments are a game changer.',4.5,'2025-04-01 18:33:24.675075',9),(92,'Abhishek T','The cushion is just right. No back pain after hours of use.',4.9,'2025-04-01 18:33:30.741072',9),(93,'Meera Nair','Good support but I wish the headrest was a little higher.',4.2,'2025-04-01 18:33:42.603257',9),(94,'Ritik Sharma','Built like a tank. The best gaming chair I’ve used.',4.8,'2025-04-01 18:33:50.834406',9),(95,'Shruti Iyer','No sound when moving or reclining. Smooth build.',4.7,'2025-04-01 18:33:58.050076',9),(96,'Kunal M','Super easy to assemble. The manual was clear.',4.6,'2025-04-01 18:34:04.347927',9),(97,'Deepti R','Everything feels solid. Loved the extra lumbar cushion.',4.9,'2025-04-01 18:34:09.094078',9),(98,'Manish Raj','Feels premium and supports my back really well.',4.6,'2025-04-01 18:37:37.476576',10),(99,'Rhea Kapoor','Stitching and logo stand out. Very sleek chair.',4.5,'2025-04-01 18:37:43.358250',10),(100,'Ashwin R','Setup was quick and the build is solid.',4.7,'2025-04-01 18:37:48.053561',10),(101,'Jinal Mehta','Great lumbar support. I use it 10+ hours a day.',4.8,'2025-04-01 18:37:53.118603',10),(102,'Neeraj','Armrests are fine but could be more adjustable.',4.2,'2025-04-01 18:37:58.648320',10),(103,'Preeti Chauhan','Cushioning is firm and holds shape well.',4.6,'2025-04-01 18:38:10.200348',10),(104,'Abdul Rahman','Razer green gives it a unique look. Love it!',4.9,'2025-04-01 18:38:20.058633',10),(105,'Lakshmi D','Chair feels stable even when reclined fully.',4.5,'2025-04-01 18:38:26.723122',10),(106,'Darshan V','Good chair but headrest could be a bit softer.',4.3,'2025-04-01 18:38:32.091595',10),(107,'Vidya Menon','Value for money compared to other premium brands.',4.7,'2025-04-01 18:38:41.361340',10),(108,'Parth J','Footrest is a game changer! Super relaxing chair.',4.7,'2025-04-01 18:49:31.734442',11),(109,'Sonal Mehra','Love the race car style! Very eye-catching and comfy.',4.5,'2025-04-01 18:49:36.979157',11),(110,'Jayant','Armrests don’t move, but they’re padded well.',4.2,'2025-04-01 18:49:43.008378',11),(111,'Nikita V','The recline and footrest combo is amazing!',4.6,'2025-04-01 18:49:48.971549',11),(112,'Rehan','Feels solid and premium. I use it 9 hours a day.',4.4,'2025-04-01 18:49:53.988240',11),(113,'Sneha K','Back support is great, but footrest could be sturdier.',4,'2025-04-01 18:50:02.797681',11),(114,'Varun Desai','Packaging and assembly were super smooth.',4.5,'2025-04-01 18:50:07.553387',11),(115,'Fatima M','Great value for this price range.',4.6,'2025-04-01 18:50:12.566303',11),(116,'Rishabh N','Pillow placement could be better, but still worth it.',4.3,'2025-04-01 18:50:24.862723',11),(117,'Prerna S','Recline works flawlessly. Very relaxing.',4.8,'2025-04-01 18:50:29.397050',11),(118,'Rajat P','This is the Rolls-Royce of gaming chairs. Simply perfect.',5,'2025-04-01 18:53:16.928725',12),(119,'Shraddha N','Back support and head pillow are insanely comfortable.',4.9,'2025-04-01 18:53:22.082328',12),(120,'Dhruv Jain','Feels premium, solid, and built to last. Worth every rupee.',5,'2025-04-01 18:53:27.944184',12),(121,'Tanisha','Installation was easy and quality is top notch.',4.8,'2025-04-01 18:53:33.240354',12),(122,'Sandeep Rao','Price is high but justified by its build and features.',4.7,'2025-04-01 18:53:38.097102',12),(123,'Kritika','The cooling headrest is so good I don’t want to get up.',5,'2025-04-01 18:53:43.175189',12),(124,'Gaurav R','No creaking, no sliding. Just perfection.',4.9,'2025-04-01 18:53:49.429105',12),(125,'Meghna Shah','I can sit for 10+ hours a day and feel zero fatigue.',5,'2025-04-01 18:53:55.152703',12),(126,'Akshay','Armrests are super adjustable. Best I’ve used.',4.8,'2025-04-01 18:54:01.579827',12),(127,'Anirudh N','Very professional and elegant design. I use it in my studio.',4.9,'2025-04-01 18:54:05.735787',12),(138,'Karan Mehta','Insanely powerful for a handheld. Plays AAA titles flawlessly.',4.9,'2025-04-01 19:03:06.049819',14),(139,'Shreya S','Screen is sharp and smooth. 120Hz is amazing for portable gaming.',4.7,'2025-04-01 19:03:15.308599',14),(140,'Ritik Anand','Battery life is average but fast charging helps a lot.',4.4,'2025-04-01 19:03:22.744087',14),(141,'Neha Raj','Feels premium in hand. Buttons are super responsive.',4.8,'2025-04-01 19:03:28.188537',14),(142,'Arvind','Cloud gaming and emulators run so smooth. Totally worth it!',4.9,'2025-04-01 19:03:33.641352',14),(143,'Siddharth Rao','Gets warm sometimes but cooling is effective.',4.3,'2025-04-01 19:03:38.884532',14),(144,'Tanisha Roy','Windows 11 support is great — I can dock and use it like a PC!',4.6,'2025-04-01 19:03:44.035765',14),(145,'Rahul Dev','Perfect for travel. Performance is shocking for the size.',5,'2025-04-01 19:03:49.989570',14),(146,'Deepak Joshi','The interface takes some getting used to but performance is unmatched.',4.5,'2025-04-01 19:03:55.642245',14),(147,'Priyanka Jain','Looks and feels like premium hardware. Super portable and fun.',4.8,'2025-04-01 19:04:03.899594',14),(148,'Aditya T','Perfect for Xbox Game Pass! Battery life is amazing.',4.7,'2025-04-01 19:09:42.902829',15),(149,'Ishita Mehra','Lightweight and comfy. Great for long flights.',4.5,'2025-04-01 19:09:49.832277',15),(150,'Keshav R','Not powerful for local gaming but works great for cloud.',4.2,'2025-04-01 19:09:54.765410',15),(151,'Ritika Kapoor','Display is vibrant and touch works well.',4.6,'2025-04-01 19:09:59.744297',15),(152,'Sahil M','Could use higher refresh rate, but still enjoyable.',4.3,'2025-04-01 19:10:04.627307',15),(153,'Priyanka P','Great for kids and casual gamers. Easy to handle.',4.4,'2025-04-01 19:10:10.252281',15),(154,'Naveen T','Paired with GeForce NOW, it’s unbeatable.',4.8,'2025-04-01 19:10:15.306272',15),(155,'Ankita','Light, functional, and fun — especially for Xbox streaming.',4.5,'2025-04-01 19:10:20.702765',15),(156,'Mahesh','Needs better internal storage, but microSD helps.',4.1,'2025-04-01 19:10:26.849073',15),(157,'Snehal R','Super portable and solid build quality.',4.6,'2025-04-01 19:10:33.109878',15),(158,'Rajeev N','Best portable console! Super light and battery lasts long.',4.7,'2025-04-01 19:13:56.871129',16),(159,'Ayesha Khan','Ideal for travel. Feels great in hand and smooth gameplay.',4.6,'2025-04-01 19:14:02.985294',16),(160,'Tanish','Great for kids. Build quality is sturdy and safe.',4.5,'2025-04-01 19:14:14.216797',16),(161,'Tanish','Great for kids. Build quality is sturdy and safe.',4.5,'2025-04-01 19:14:46.705053',16),(162,'Divya S','Display is smaller than the regular Switch but very sharp.',4.4,'2025-04-01 19:14:54.745029',16),(163,'Farhan Qureshi','Love the D-pad and the color. Perfect for classic Mario!',4.8,'2025-04-01 19:15:01.610308',16),(164,'Meera M','Can’t connect to TV but not a dealbreaker. Pure handheld joy.',4.3,'2025-04-01 19:15:07.663287',16),(165,'Saurabh G','Affordable and works great with all games I tried.',4.6,'2025-04-01 19:15:12.295895',16),(166,'Kriti Menon','My go-to for Pokémon and Zelda. Compact and powerful!',4.7,'2025-04-01 19:15:18.140649',16),(167,'Ravi Patel','Should have had video out, but excellent otherwise.',4.2,'2025-04-01 19:15:23.748018',16),(168,'Ishaan N','No distractions, just pure handheld Nintendo gaming.',4.9,'2025-04-01 19:15:29.427316',16),(169,'Samar P','OLED screen makes such a difference — vibrant and rich!',5,'2025-04-01 19:18:16.995431',17),(170,'Pallavi K','Kickstand is much better than the old version. Love it!',4.8,'2025-04-01 19:18:21.907326',17),(171,'Harshit R','Dock with LAN port is perfect for multiplayer games.',4.7,'2025-04-01 19:18:27.722195',17),(172,'Ananya I','Upgraded from Lite and the difference is huge!',4.9,'2025-04-01 19:18:32.377539',17),(173,'Nitin Sharma','Same battery life but everything else is better.',4.6,'2025-04-01 19:18:36.790610',17),(174,'Krisha N','Display quality is stunning. Looks great even in sunlight.',5,'2025-04-01 19:18:41.732745',17),(175,'Dev B','Speakers are louder and clearer. Dock feels solid.',4.8,'2025-04-01 19:18:48.067874',17),(176,'Zoya R','A bit expensive but worth the upgrade if you play handheld.',4.5,'2025-04-01 19:18:52.863344',17),(177,'Akash D','Love the new white Joy-Con design!',4.9,'2025-04-01 19:18:58.045340',17),(178,'Tina V','Everything is smoother and sharper. No regrets!',5,'2025-04-01 19:19:04.638052',17),(179,'Siddhant P','Flawless performance and ultra-fast loading. A true next-gen beast.',5,'2025-04-01 19:24:14.274453',19),(180,'Ria Sharma','DualSense controller is a game changer. Love the haptic feedback.',4.9,'2025-04-01 19:24:25.419855',19),(181,'Kunal A','4K visuals are stunning. Games look better than ever.',5,'2025-04-01 19:24:30.645367',19),(182,'Aditi N','Very quiet and cool even during long gaming sessions.',4.8,'2025-04-01 19:24:35.492354',19),(183,'Rohit Verma','Backward compatibility is awesome. Playing all my PS4 hits.',4.9,'2025-04-01 19:24:41.167418',19),(184,'Manoj Pillai','Pricey but totally worth it. Fast, smooth, and powerful.',5,'2025-04-01 19:24:46.629806',19),(185,'Sana Iqbal','Ray tracing makes games so realistic. Amazing upgrade.',4.8,'2025-04-01 19:24:51.569370',19),(186,'Deepak T','No issues since launch. Gaming heaven!',5,'2025-04-01 19:24:55.961862',19),(187,'Trisha V','Runs cool and quiet. Beautiful UI and design.',4.9,'2025-04-01 19:25:00.727525',19),(188,'Ashwin Mehra','Storage is a bit tight, but expansion slot helps.',4.7,'2025-04-01 19:25:06.622819',19),(189,'Varun Shah','PC gaming in your hands. Plays Elden Ring and Cyberpunk like a charm.',5,'2025-04-01 19:31:24.041625',19),(190,'Varun Shah','PC gaming in your hands. Plays Elden Ring and Cyberpunk like a charm.',5,'2025-04-01 19:31:35.399401',19),(191,'Jayant R','A bit bulky but totally worth the power it packs.',4.5,'2025-04-01 19:31:40.914216',19),(192,'Sneha V','Emulation works great. I play Switch and PS2 titles flawlessly.',4.8,'2025-04-01 19:31:46.834010',19),(193,'Aarav M','Battery is decent. Lasts around 3–5 hours on heavy games.',4.3,'2025-04-01 19:31:51.503410',19),(194,'Kriti Sinha','Trackpads are surprisingly accurate. Great for FPS and strategy games.',4.7,'2025-04-01 19:31:56.407739',19),(195,'Rehan D','Best handheld I’ve used. Better than the Switch for PC users.',4.9,'2025-04-01 19:32:02.497192',19),(196,'Tina R','Perfect for indie and AAA titles alike. Highly recommended.',4.8,'2025-04-01 19:32:08.964409',19),(197,'Ashwin M','Linux OS takes getting used to, but it’s very customizable.',4.4,'2025-04-01 19:32:14.157013',19),(198,'Neel Desai','Valve nailed it. This is the future of portable gaming.',5,'2025-04-01 19:32:19.877413',19),(199,'Varun Shah','PC gaming in your hands. Plays Elden Ring and Cyberpunk like a charm.',5,'2025-04-01 19:33:40.907729',20),(200,'Ritika Malhotra','Steam integration is seamless and UI feels very polished.',4.6,'2025-04-01 19:34:05.496607',20),(201,'Jayant R','A bit bulky but totally worth the power it packs.',4.5,'2025-04-01 19:34:10.735285',20),(202,'Sneha V','Emulation works great. I play Switch and PS2 titles flawlessly.',4.8,'2025-04-01 19:34:16.050705',20),(203,'Aarav M','Battery is decent. Lasts around 3–5 hours on heavy games.',4.3,'2025-04-01 19:34:21.577420',20),(204,'Kriti Sinha','Trackpads are surprisingly accurate. Great for FPS and strategy games.',4.7,'2025-04-01 19:34:26.498254',20),(205,'Rehan D','Best handheld I’ve used. Better than the Switch for PC users.',4.9,'2025-04-01 19:34:31.195254',20),(206,'Tina R','Perfect for indie and AAA titles alike. Highly recommended.',4.8,'2025-04-01 19:34:35.857419',20),(207,'Ashwin M','Linux OS takes getting used to, but it’s very customizable.',4.4,'2025-04-01 19:34:40.662440',20),(208,'Neel Desai','Valve nailed it. This is the future of portable gaming.',5,'2025-04-01 19:34:45.458589',20),(219,'Abhay J','Best value for next-gen gaming. So quiet and powerful!',4.8,'2025-04-01 19:46:25.318706',22),(220,'Ishita R','Compact but a beast in performance. Game Pass is a must!',4.6,'2025-04-01 19:46:36.113300',22),(221,'Tushar Mehta','Perfect for 1080p and 1440p gaming. Super smooth frame rates.',4.7,'2025-04-01 19:46:41.044478',22),(222,'Priya N','No disc drive but I don’t miss it. Everything’s digital now.',4.5,'2025-04-01 19:46:45.645725',22),(223,'Rajat Arora','Quick Resume is so cool. I switch between 3 games instantly.',4.6,'2025-04-01 19:46:50.585490',22),(224,'Fatima A','Looks clean and minimalist. Works amazing with Xbox Cloud.',4.7,'2025-04-01 19:46:55.645483',22),(225,'Vivek S','Load times are insanely fast. SSD is a game-changer.',4.9,'2025-04-01 19:47:00.948813',22),(226,'Sneha Rao','Small and powerful. I carry it when I travel too!',4.6,'2025-04-01 19:47:06.110164',22),(227,'Manan P','Needs more internal storage but expandable options help.',4.3,'2025-04-01 19:47:12.171508',22),(228,'Aparna M','A budget-friendly next-gen console that delivers!',4.8,'2025-04-01 19:47:17.683598',22),(229,'Aryan V','True 4K gaming is insane on this machine. Best console yet!',5,'2025-04-01 19:51:11.408577',23),(230,'Sara Mehta','Lightning fast load times and flawless performance. Worth every rupee.',4.9,'2025-04-01 19:51:16.934520',23),(231,'Harsh P','Runs quiet even under load. Great cooling system.',5,'2025-04-01 19:51:21.977528',23),(232,'Sneha Joshi','Quick Resume is a killer feature — love switching instantly.',4.8,'2025-04-01 19:51:26.901717',23),(233,'Rohit Yadav','Storage fills quickly with large games, but expandable.',4.6,'2025-04-01 19:51:32.505585',23),(234,'Tina D','So smooth at 120fps. Amazing on a 4K TV.',5,'2025-04-01 19:51:36.890543',23),(235,'Nikhil R','Feels solid and premium. Controller is excellent too.',4.9,'2025-04-01 19:51:41.959206',23),(236,'Aisha B','Game Pass + Series X = unbeatable value.',5,'2025-04-01 19:51:47.893171',23),(237,'Yusuf Shaikh','4K Blu-ray drive is great for movies too.',4.8,'2025-04-01 19:51:58.368503',23),(238,'Kavya M','The ultimate console for performance and backward compatibility.',5,'2025-04-01 19:52:08.450508',23),(239,'Nikhil Roy','Excellent for retro gaming and emulators. D-pad is top tier.',4.7,'2025-04-01 20:01:02.017986',24),(240,'Ritika A','Pairs instantly with my Steam Deck. Very comfortable to use.',4.5,'2025-04-01 20:01:09.238558',24),(241,'Aman J','Back paddles are very helpful. Great software support too.',4.6,'2025-04-01 20:01:14.753149',24),(242,'Pooja Mehra','Battery life is solid. Works perfectly with my Switch and PC.',4.4,'2025-04-01 20:01:18.849718',24),(243,'Raghav V','Feels premium, and the customization is unmatched at this price.',4.8,'2025-04-01 20:01:23.047994',24),(244,'Devika I','Very compact and reliable. Wish it came with a USB dongle.',4.2,'2025-04-01 20:01:30.685055',24),(245,'Manav S','Perfect controller for everything from NES to modern games.',4.6,'2025-04-01 20:01:35.022569',24),(246,'Sneha R','Love the profile switch and grip texture. Feels just right.',4.5,'2025-04-01 20:01:40.578713',24),(247,'Yash G','Affordable and feature-rich. Easily my favorite controller.',4.9,'2025-04-01 20:01:45.231570',24),(248,'Kiran B','Best value controller under 5K. Highly recommend.',4.8,'2025-04-01 20:01:50.553471',24),(249,'Aman R','Reliable and simple. Works great for FIFA and emulator games.',4.5,'2025-04-01 20:07:24.216613',25),(250,'Priti G','Plug and play. Didn’t need any software to get started.',4.3,'2025-04-01 20:07:30.380601',25),(251,'Sohail M','Vibration feedback is strong. Feels premium in hand.',4.6,'2025-04-01 20:07:35.095578',25),(252,'Neha K','Runs on AA batteries but lasts pretty long.',4.2,'2025-04-01 20:07:39.658729',25),(253,'Jay V','Works well for both new and old PC games. Best budget wireless controller.',4.7,'2025-04-01 20:07:44.203596',25),(254,'Radhika M','Receiver fits perfectly in my laptop. Very portable.',4.4,'2025-04-01 20:07:49.699629',25),(255,'Manav S','Perfect for retro gaming and casual play. Worth it.',4.5,'2025-04-01 20:07:55.090860',25),(256,'Yashita R','Build is solid. Buttons are clicky and responsive.',4.6,'2025-04-01 20:08:00.034789',25),(257,'Tapan G','XInput switch is handy for compatibility. Good design overall.',4.3,'2025-04-01 20:08:04.401735',25),(258,'Tanvi S','No lag or disconnects. Logitech never disappoints.',4.8,'2025-04-01 20:08:09.239478',25),(259,'Ravi M','Solid alternative to Joy-Cons. Feels good and responds well.',4.4,'2025-04-01 20:13:32.363118',26),(260,'Aishwarya T','Motion controls work perfectly. Very easy to pair.',4.5,'2025-04-01 20:13:39.073171',26),(261,'Nikhil J','Battery lasts long. Great for Mario Kart and Smash.',4.3,'2025-04-01 20:13:45.232927',26),(262,'Meena R','Turbo feature is handy in action games. Build quality is decent.',4.2,'2025-04-01 20:13:50.041547',26),(263,'Ishaan V','Feels similar to the Pro Controller but more affordable.',4.6,'2025-04-01 20:13:57.855698',26),(264,'Shruti P','Wake-up feature is great! Super convenient.',4.3,'2025-04-01 20:14:05.236478',26),(265,'Gautam S','Small size but fits well in hand. Responsive buttons.',4.2,'2025-04-01 20:14:11.340618',26),(266,'Arjun T','Worked straight out of the box. Easy to set up.',4.4,'2025-04-01 20:14:20.132507',26),(267,'Divya N','Nice grip and good compatibility with OLED model.',4.5,'2025-04-01 20:14:26.606517',26),(268,'Karan D','Great value for money. Looks clean and works well.',4.3,'2025-04-01 20:14:36.392338',26),(269,'Ankit R','Feels like an Xbox controller — very comfy and responsive.',4.9,'2025-04-01 20:18:03.949594',27),(270,'Sana V','Battery life is insane. Easily lasts a week of casual play.',5,'2025-04-01 20:18:13.158569',27),(271,'Rohit N','Best controller for Smash Bros and Zelda. Highly recommend.',4.8,'2025-04-01 20:18:19.259664',27),(272,'Nidhi A','Looks premium and feels even better in hand.',4.7,'2025-04-01 20:18:24.929635',27),(273,'Vikram T','Amiibo reader works great. Zero connection issues.',4.9,'2025-04-01 20:18:30.109656',27),(274,'Meghna P','A bit pricey but worth every rupee for Nintendo fans.',4.6,'2025-04-01 20:18:35.201802',27),(275,'Shreyas M','HD rumble is much better than regular vibration.',4.8,'2025-04-01 20:18:42.166043',27),(276,'Krupa B','Charges quickly and lasts really long. Top-notch.',5,'2025-04-01 20:18:49.086954',27),(277,'Nilesh K','No drift issues like Joy-Cons. Super accurate controls.',4.9,'2025-04-01 20:18:57.875667',27),(278,'Tanya S','My go-to for all long gaming sessions. Love it!',5,'2025-04-01 20:19:04.464714',27),(279,'Sahil M','Modular sticks are amazing. I play with offset sticks like Xbox.',4.8,'2025-04-01 20:23:23.781230',28),(280,'Tanisha P','Great for both PS5 and PC. Build quality feels premium.',4.7,'2025-04-01 20:23:29.603685',28),(281,'Rajat K','Back buttons and trigger stops really help in Warzone.',4.6,'2025-04-01 20:23:36.590051',28),(282,'Simran A','Perfect alternative to DualSense Edge. Worth the price.',4.9,'2025-04-01 20:23:42.677444',28),(283,'Arvind R','Battery life is solid. Easily lasts through long sessions.',4.6,'2025-04-01 20:23:52.548282',28),(284,'Devika N','Love the modular layout — makes a huge difference for fighting games.',4.7,'2025-04-01 20:23:59.459729',28),(285,'Yusuf S','Smooth connectivity, no lag. Looks clean and feels durable.',4.8,'2025-04-01 20:24:05.337691',28),(286,'Rhea I','Setup takes time but totally worth it for serious gamers.',4.5,'2025-04-01 20:24:10.656713',28),(287,'Nitin T','Works flawlessly on PS5 and my gaming laptop.',4.8,'2025-04-01 20:24:17.030352',28),(288,'Anaya V','Custom profiles and software are great for pro gaming.',4.9,'2025-04-01 20:24:24.586523',28),(289,'Anita R','RGB lighting adds a cool touch to my setup.',4.5,'2025-04-01 20:29:45.466791',31),(290,'Jignesh M','No wireless but ultra-low latency. Competitive-grade.',4.6,'2025-04-01 20:29:52.153565',31),(291,'Shreya T','I love the extra remappable triggers — perfect for COD.',4.8,'2025-04-01 20:29:57.804949',31),(292,'Vishal N','Well-built, tactile, and ergonomic. No complaints.',4.6,'2025-04-01 20:30:03.773093',31),(293,'Manvi I','Trigger stops are helpful for racing and shooters.',4.4,'2025-04-01 20:30:09.487800',31),(294,'Arjun S','Works flawlessly on both Xbox and PC.',4.7,'2025-04-01 20:30:16.032413',31),(295,'Reema V','Feels like a tournament-grade controller. Good grip.',4.5,'2025-04-01 20:30:21.976738',31),(296,'Sahil B','Chroma customization is fun. I love the green effect.',4.6,'2025-04-01 20:30:43.022736',31),(297,'Kritika L','Would’ve liked wireless, but performance makes up for it.',4.3,'2025-04-01 20:30:50.576736',31),(298,'Rahul J','The paddles are a game-changer in COD. Worth every rupee.',5,'2025-04-01 20:34:35.070251',32),(299,'Tanvi M','Extremely well-built. Feels better than standard DualSense.',4.9,'2025-04-01 20:34:41.472710',32),(300,'Aarav S','Adaptive triggers + grip combo is elite. A true pro controller.',4.8,'2025-04-01 20:34:48.606344',32),(301,'Nisha K','The quick profile switch is super useful. Feels premium!',4.9,'2025-04-01 20:34:54.833759',32),(302,'Devansh L','No stick drift issues and great for competitive shooters.',5,'2025-04-01 20:35:00.084217',32),(303,'Sanya B','Little expensive but absolutely worth it if you’re serious about gaming.',4.8,'2025-04-01 20:35:05.971896',32),(304,'Prateek I','Feels light, responsive, and top-tier. Better than the Edge.',5,'2025-04-01 20:35:14.507760',32),(305,'Reetika D','Perfect weight, great battery, and zero lag via Bluetooth.',4.7,'2025-04-01 20:35:20.046862',32),(306,'Ayaan K','Setup was quick. Paddles are easy to remap and use.',4.9,'2025-04-01 20:35:25.944190',32),(307,'Mitali V','Impressive grip and trigger feel. Amazing for FPS titles.',5,'2025-04-01 20:35:30.657001',32),(308,'Rohit I','Adaptive triggers are truly next-gen. Makes gaming feel alive!',5,'2025-04-01 20:39:13.496849',33),(309,'Sneha B','Love the haptic feedback in racing games. Amazing immersion.',4.8,'2025-04-01 20:39:19.303239',33),(310,'Arjun N','Build quality is premium. Works well on PC too.',4.6,'2025-04-01 20:39:24.196785',33),(311,'Divya S','Battery life could be better but still the best controller I’ve used.',4.4,'2025-04-01 20:39:28.863966',33),(312,'Jay M','Touchpad is very responsive. Feels like a true evolution.',4.7,'2025-04-01 20:39:35.025580',33),(313,'Tanishq R','The mic is surprisingly good for quick chats.',4.6,'2025-04-01 20:39:40.751788',33),(314,'Ritika A','Solid grip and button feedback. No input lag at all.',4.9,'2025-04-01 20:39:46.468107',33),(315,'Yash R','Looks stylish and works right out of the box. Classic Sony!',5,'2025-04-01 20:39:51.739923',33),(316,'Megha L','Bit pricey but worth it for the quality and features.',2.5,'2025-04-01 20:40:02.831093',33),(317,'Aman T','Really transforms the PS5 experience. 10/10.',5,'2025-04-01 20:40:09.779786',33),(318,'Aditya R','Build quality is top-tier. The paddles are super responsive.',5,'2025-04-01 20:43:33.032806',34),(319,'Mitali S','Love the customization options and the grip. It’s worth every penny.',4.9,'2025-04-01 20:43:39.258409',34),(320,'Nishant K','Works great on both Xbox and PC. Super smooth and precise.',4.7,'2025-04-01 20:43:48.410552',34),(321,'Ritika D','Battery lasts really long, and the charging dock is very handy.',4.8,'2025-04-01 20:43:56.824387',34),(322,'Varun I','Tension-adjustable sticks are a game-changer for FPS games.',4.9,'2025-04-01 20:44:08.688919',34),(323,'Tanya N','It feels like a luxury controller. Super premium and smooth.',4.6,'2025-04-01 20:44:13.763840',34),(324,'Raghav B','Swapping components mid-game is surprisingly easy and fast.',5,'2025-04-01 20:44:18.669814',34),(325,'Pooja T','Heavier than a regular controller but feels very solid.',4.5,'2025-04-01 20:44:26.795205',34),(326,'Karan J','Totally changed how I play. Paddles are perfect for combos.',4.9,'2025-04-01 20:44:33.646728',34),(327,'Sneha P','A must-have if you play competitive games regularly.',5,'2025-04-01 20:44:42.265365',34),(328,'Kunal A','Amazing value for the price. Rumble and buttons feel great.',3.5,'2025-04-01 20:47:37.157981',35),(329,'Pooja T','Wired connection means no lag, and that’s perfect for me.',3.4,'2025-04-01 20:47:44.672893',35),(330,'Rajeev S','Love the mappable buttons. Very handy in racing games.',4.6,'2025-04-01 20:47:50.735903',35),(331,'Divya M','Good grip and solid cable. Great for casual gaming.',4,'2025-04-01 20:47:58.530263',35),(332,'Harshit G','Feels almost like the official Xbox controller. Worth it!',4.5,'2025-04-01 20:48:05.343178',35),(333,'Sneha J','No wireless, but it’s smooth and responsive.',4.3,'2025-04-01 20:48:13.396801',35),(334,'Yash M','Plug and play on my PC with zero hassle.',4.4,'2025-04-01 20:48:18.828833',35),(335,'Meghna S','Great for multiplayer sessions and backups.',4.6,'2025-04-01 20:48:23.562981',35),(336,'Ramesh D','Affordable and works like a charm on Windows too.',4.3,'2025-04-01 20:48:29.823369',35),(337,'Ishita V','Design is great and cable is long enough for couch gaming.',4.5,'2025-04-01 20:48:35.265858',35),(338,'Rohit A','Studio-grade audio for gaming. I use it for music too. Absolute beast.',5,'2025-04-01 20:51:46.750513',36),(339,'Sneha G','Mic clarity is unmatched. My teammates instantly noticed the upgrade.',4.8,'2025-04-01 20:51:53.032226',36),(340,'Jay S','Build is solid, and soundstage is amazing for FPS games.',4.9,'2025-04-01 20:51:58.166495',36),(341,'Aarav P','Expensive but delivers on every front. It’s built like a tank.',5,'2025-04-01 20:52:06.491757',36),(342,'Nisha R','Mic performance rivals standalone studio mics. Love it!',4.9,'2025-04-01 20:52:12.899201',36),(343,'Tanmay K','Pure clarity. Works just as great for Zoom calls as it does for Valorant.',4.7,'2025-04-01 20:52:25.919699',36),(344,'Kriti L','Very comfortable for long sessions. Doesn’t heat up.',4.8,'2025-04-01 20:52:33.227659',36),(345,'Zaid V','Isolation is excellent. No external noise, just focus.',5,'2025-04-01 20:52:38.507732',36),(346,'Deepak N','Perfect balance between pro audio and gaming utility.',4.9,'2025-04-01 20:52:43.145453',36),(347,'Aanya M','I don’t use anything else now — music, gaming, meetings, all in one.',5,'2025-04-01 20:52:51.567858',36),(348,'Tanmay R','Flawless audio and the mic is perfect for streaming!',4.7,'2025-04-01 20:55:34.643760',37),(349,'Neha S','Super comfortable for long sessions. Love the build quality.',4.6,'2025-04-01 20:55:46.685590',37),(350,'Vikram M','Bluetooth + gaming audio at once? Genius feature.',4.8,'2025-04-01 20:55:52.180450',37),(351,'Pooja K','Great soundstage, amazing for FPS and music both.',4.5,'2025-04-01 20:55:57.903672',37),(352,'Aman G','Mic clarity surprised me. Easily better than standalone ones.',4.7,'2025-04-01 20:56:06.278655',37),(353,'Kriti N','Wish the battery lasted a bit more, but it’s still excellent.',4.4,'2025-04-01 20:56:12.358884',37),(354,'Rajat P','RGB looks clean and not overdone. Highly recommended.',4.6,'2025-04-01 20:56:17.032765',37),(355,'Divya I','Use it for gaming and music editing — sounds fantastic.',4.8,'2025-04-01 20:56:22.001281',37),(356,'Yash D','Switching between wireless and wired is seamless.',4.5,'2025-04-01 20:56:27.897084',37),(357,'Aarushi T','Top-tier comfort and audio. Pricey but premium.',4.7,'2025-04-01 20:56:36.783863',37),(358,'Shantanu R','Natural and open soundstage makes footsteps super easy to track.',4.6,'2025-04-01 21:00:49.887967',38),(359,'Meera I','Mic is crisp and detachable. Also super comfy for long hours.',4.5,'2025-04-01 21:00:57.454414',38),(360,'Kunal J','Balanced sound, not bass-heavy. Great for competitive gaming.',4.4,'2025-04-01 21:01:01.703205',38),(361,'Ishita M','Solid build and great materials. Feels like a premium headset.',4.5,'2025-04-01 21:01:06.869042',38),(362,'Raghav N','Works well with console and PC. Excellent stereo separation.',4.7,'2025-04-01 21:01:12.792916',38),(363,'Nandini P','Wish it had a bit more bass, but clarity is next level.',4.3,'2025-04-01 21:01:19.581909',38),(364,'Vivek A','You can game and still be aware of your surroundings. Love it.',4.6,'2025-04-01 21:01:25.011940',38),(365,'Divya S','Feels premium, sounds detailed, looks subtle. Perfect match.',4.6,'2025-04-01 21:01:29.814910',38),(366,'Zoya Q','Mic lift-to-mute is very handy and works perfectly.',4.5,'2025-04-01 21:01:34.817530',38),(367,'Ayaan T','Great for FPS titles and RPGs alike. Excellent spatial clarity.',4.7,'2025-04-01 21:01:40.469755',38),(368,'Aditya T','Been using for 3 years. Still works and feels like new.',4.8,'2025-04-01 21:04:24.648595',39),(369,'Rhea S','7.1 surround is amazing for gaming. Highly immersive.',4.6,'2025-04-01 21:04:32.181011',39),(370,'Siddharth P','Mic is super clear. No background noise at all.',4.7,'2025-04-01 21:04:37.740946',39),(371,'Nikhil V','Strong build and balanced sound. Great value.',4.6,'2025-04-01 21:04:43.845629',39),(372,'Aarushi K','Great for both gaming and music. Detachable mic is helpful.',4.5,'2025-04-01 21:04:48.968144',39),(373,'Jayant G','Used for Valorant — pinpointing enemies is super easy.',4.8,'2025-04-01 21:04:53.632621',39),(374,'Simran B','Loved the build quality and included accessories.',4.6,'2025-04-01 21:04:58.261881',39),(375,'Ravindra M','Tough cable and excellent audio for calls too.',4.7,'2025-04-01 21:05:05.015147',39),(376,'Meenal J','Perfect headset for its price. Zero regrets.',4.8,'2025-04-01 21:05:12.667365',39),(377,'Arnav V','Insane mic clarity. Blue VO!CE is a real game changer.',3.5,'2025-04-01 21:08:37.370434',40),(378,'Manya P','Super comfortable, even after hours of gaming.',4.7,'2025-04-01 21:08:42.713440',40),(379,'Kunal I','I can hear everything in Valorant. Footsteps, reloads — crystal clear.',2.9,'2025-04-01 21:08:51.059623',40),(380,'Neeraj M','Very premium feel and build. Totally worth it.',4.8,'2025-04-01 21:08:57.451208',40),(381,'Ishika N','Love that it comes with both types of ear pads.',4.6,'2025-04-01 21:09:02.535480',40),(382,'Zaid F','Mic is better than my stand-alone USB mic. Unreal!',5,'2025-04-01 21:09:08.250198',40),(383,'Vikram G','7.1 surround is very helpful for competitive FPS.',4.7,'2025-04-01 21:09:14.893954',40),(384,'Divya A','Software is easy to use, and the EQ presets are awesome.',4.8,'2025-04-01 21:09:21.443801',40),(385,'Jayant D','Feels light, sounds powerful, and mic is elite tier.',4.9,'2025-04-01 21:09:28.671725',40),(386,'Sneha R','Easily one of the best wired headsets in this range.',4.8,'2025-04-01 21:09:34.461371',40),(397,'Sarthak B','The THX surround makes Apex and Valorant feel next level.',4.8,'2025-04-01 21:19:14.234008',43),(398,'Anaya R','So light and comfy! Doesn’t heat up even after hours.',4.7,'2025-04-01 21:19:25.780011',43),(399,'Imran A','Mic quality is elite — my friends noticed instantly.',4.9,'2025-04-01 21:19:32.325170',43),(400,'Divya N','Perfect balance between price and performance.',4.6,'2025-04-01 21:19:37.645185',43),(401,'Aryan K','Very detailed audio. Can pick up enemy reloads easily.',4.8,'2025-04-01 21:19:45.277058',43),(402,'Priya J','No RGB, but feels super professional and focused.',4.5,'2025-04-01 21:19:51.808011',43),(403,'Tushar V','Detachable mic is a great bonus — easy to use casually too.',4.6,'2025-04-01 21:19:58.267679',43),(404,'Neha G','Audio and comfort both top tier. Fully satisfied.',4.9,'2025-04-01 21:20:06.370652',43),(405,'Kishore M','Much better than my old Kraken. Highly recommend.',4.7,'2025-04-01 21:20:14.999005',43),(406,'Zoya S','One of the best wired headsets in the 8K–10K range.',4.8,'2025-04-01 21:20:23.103403',43),(407,'Ankit V','Clear directional sound with good bass. Love the 3D audio.',4.7,'2025-04-01 21:23:13.312744',44),(408,'Neha K','Battery life is excellent. Can game for 3 days without charging.',4.6,'2025-04-01 21:23:18.094672',44),(409,'Sagar R','No lag in wired mode. Perfect for ranked matches.',4.5,'2025-04-01 21:23:22.619030',44),(410,'Tanisha S','Very comfy and doesn\'t overheat even after 6–7 hours.',4.8,'2025-04-01 21:23:27.057262',44),(411,'Karthik M','Mic clarity is great and noise cancelling is legit.',4.6,'2025-04-01 21:23:31.345389',44),(412,'Ritika D','Easy to switch between phone and console. Super convenient.',4.5,'2025-04-01 21:23:35.883030',44),(413,'Mohit G','Folds down nicely. I carry it to work too.',4.6,'2025-04-01 21:23:43.440960',44),(414,'Aayushi P','Looks sleek and minimal — Sony nailed the design.',4.7,'2025-04-01 21:23:49.268748',44),(415,'Raj N','Great audio separation and mic quality. Ideal for Discord and games.',4.6,'2025-04-01 21:23:54.208220',44),(416,'Mira I','Loved the hybrid mode — no drops or stutters in Bluetooth.',4.6,'2025-04-01 21:23:59.694468',44),(417,'Anirudh K','The GameDAC is a game-changer. This is easily the best headset I’ve ever used.',5,'2025-04-01 21:28:51.641028',45),(418,'Shruti P','Battery hot-swap is genius. Never have to stop gaming.',4.9,'2025-04-01 21:29:00.281059',45),(419,'Tanmay R','Noise cancellation is as good as my Sony XM5. Pure immersion.',5,'2025-04-01 21:29:04.767063',45),(420,'Richa S','Build is luxurious and mic clarity is next-level.',4.8,'2025-04-01 21:29:09.487021',45),(421,'Arjun M','Switching between PC and mobile seamlessly. Love the dual wireless setup.',4.9,'2025-04-01 21:29:14.626073',45),(422,'Kiran D','I use it for gaming, music, calls — it\'s perfect for everything.',5,'2025-04-01 21:29:19.738544',45),(423,'Vaishali I','Expensive but 100% worth it. Audio detail is unreal.',4.8,'2025-04-01 21:29:24.955426',45),(424,'Rajat J','Mic retracts smoothly and sounds better than my standalone mic.',5,'2025-04-01 21:29:29.550387',45),(425,'Neha G','Great comfort, battery, and performance. SteelSeries nailed it.',4.9,'2025-04-01 21:29:36.313070',45),(426,'Zain K','THX-level soundstage. Great for immersive gaming and editing too.',5,'2025-04-01 21:29:41.981720',45),(427,'Rajat T','Superhuman Hearing really helps in clutch situations. Love it!',4.8,'2025-04-01 21:34:40.396576',46),(428,'Sneha V','Soft cushions and perfect fit. Mic works flawlessly.',4.6,'2025-04-01 21:34:46.400094',46),(429,'Kunal P','Bluetooth + wireless is the best combo. Can take calls while gaming.',4.7,'2025-04-01 21:34:52.058087',46),(430,'Aman B','Clear mids and nice bass. Great value for the price.',4.5,'2025-04-01 21:34:57.058270',46),(431,'Tanya M','No pressure on ears. Super comfortable even with glasses.',4.8,'2025-04-01 21:35:01.554317',46),(432,'Zeeshan A','Battery lasts long, and fast charge is handy between matches.',4.6,'2025-04-01 21:35:06.481100',46),(433,'Nikhil G','Perfect for cross-platform gamers like me. One headset for all!',4.7,'2025-04-01 21:35:30.889176',46),(434,'Divya R','Mic auto-mute when flipped — super convenient.',4.6,'2025-04-01 21:35:34.542942',46),(435,'Harshil K','Directional audio helps a ton in Warzone and PUBG.',4.7,'2025-04-01 21:35:42.370350',46),(436,'Riya J','Looks sleek and doesn\'t feel bulky at all. Premium feel.',4.6,'2025-04-01 21:35:49.628609',46),(437,'Ishaan T','The base station is super handy and Dolby audio sounds insane.',5,'2025-04-01 21:39:04.383286',47),(438,'Priya S','Flip mic is clear and reliable. Love the instant mute feature.',4.8,'2025-04-01 21:39:16.034604',47),(439,'Karthik B','Comfortable even during 6-hour Halo sessions. Worth every rupee.',4.9,'2025-04-01 21:39:20.826131',47),(440,'Zara M','Mic is crisp and audio positioning is next level in shooters.',4.8,'2025-04-01 21:39:26.318488',47),(441,'Aditya V','Charges fast and battery lasts all day. Seamless Xbox integration.',4.7,'2025-04-01 21:39:31.852937',47),(442,'Sneha I','Sound clarity is excellent. Music and game both sound great.',4.8,'2025-04-01 21:39:38.271942',47),(443,'Neeraj K','Strong build quality, plush cushions, and stable connection.',4.9,'2025-04-01 21:39:44.014186',47),(444,'Devika G','Astro never disappoints. Best wireless headset I’ve used.',5,'2025-04-01 21:39:50.002122',47),(445,'Manav N','No lag, perfect for competitive play. Best on Xbox!',4.8,'2025-04-01 21:39:54.905138',47),(446,'Rhea J','Premium in every way — feel, sound, and convenience.',5,'2025-04-01 21:40:00.746123',47),(447,'Aryan M','The OPX switches feel incredibly smooth. Fastest keyboard I’ve ever used.',5,'2025-04-01 21:43:27.055036',48),(448,'Srishti K','RGB is stunning and the iCUE wheel is surprisingly useful.',4.9,'2025-04-01 21:43:33.936104',48),(449,'Karthik P','Perfect for streaming — macro keys work flawlessly with Stream Deck.',4.8,'2025-04-01 21:43:39.045033',48),(450,'Neha B','It’s heavy, solid, and beautiful. You feel the quality instantly.',5,'2025-04-01 21:43:43.635148',48),(451,'Vikrant S','Great for gaming and editing. The wrist rest is super comfy too.',4.8,'2025-04-01 21:43:48.968577',48),(452,'Jatin R','LightEdge lighting gives it such a premium vibe. No regrets.',5,'2025-04-01 21:43:54.917147',48),(453,'Aayushi N','Takes some desk space but totally worth it. Feature-rich and fast.',4.9,'2025-04-01 21:43:59.829656',48),(454,'Ramesh G','Excellent for fast-paced gaming. Easily my favorite mechanical keyboard.',4.9,'2025-04-01 21:44:04.501956',48),(455,'Nikita S','Build quality and customization are unmatched in this range.',5,'2025-04-01 21:44:09.917210',48),(456,'Yash T','The control wheel is a game-changer. Use it for timeline scrubbing in editing too!',5,'2025-04-01 21:44:14.883728',48),(457,'Sanjay D','Typing on this is heavenly. So smooth and satisfying.',5,'2025-04-01 21:46:54.831779',49),(458,'Ritika P','Love the hot-swap feature. Changed from reds to browns in minutes.',4.8,'2025-04-01 21:47:02.272929',49),(459,'Ayaan M','RGB is clean, not overpowering. Build quality feels top notch.',4.7,'2025-04-01 21:47:07.551610',49),(460,'Priya S','Keycaps feel premium and the sound dampening makes it quieter than expected.',4.9,'2025-04-01 21:47:19.111175',49),(461,'Ravi V','Switching key switches is addictive. Really fun to customize.',4.8,'2025-04-01 21:47:25.551089',49),(462,'Ravi V','Switching key switches is addictive. Really fun to customize.',4.8,'2025-04-01 21:47:39.622953',49),(463,'Anjali T','Compact, clean, and professional. Also great for work.',4.6,'2025-04-01 21:47:49.716752',49),(464,'Vikash G','No software needed — onboard profiles and macros work well.',4.7,'2025-04-01 21:47:56.960349',49),(465,'Deepa R','Solid weight, no flex. Worth every rupee.',4.9,'2025-04-01 21:48:03.207787',49),(466,'Neel K','Typing sound is satisfying and thocky. Big fan!',5,'2025-04-01 21:48:09.722326',49),(467,'Isha N','Amazing keyboard for both gamers and writers.',4.8,'2025-04-01 21:48:15.347170',49),(468,'Aarav D','Compact and sturdy. Love the feel of HyperX switches.',4.8,'2025-04-01 21:51:31.406172',50),(469,'Riya S','Great for travel and the lighting is super vibrant.',4.6,'2025-04-01 21:51:36.922266',50),(470,'Manan P','Typing is smooth, linear switches are great for gaming.',4.7,'2025-04-01 21:51:42.612504',50),(471,'Kriti J','RGB lighting is stunning and easily customizable.',4.5,'2025-04-01 21:51:47.279453',50),(472,'Dev M','Really compact without sacrificing any quality.',4.6,'2025-04-01 21:51:53.163594',50),(473,'Naina T','The cable is detachable which is super useful.',4.7,'2025-04-01 21:52:00.414026',50),(474,'Ayaan V','Build quality is unmatched in this price range.',4.8,'2025-04-01 21:52:05.977336',50),(475,'Sana R','Macros and profiles work great even without software.',4.5,'2025-04-01 21:52:11.703942',50),(476,'Vivek L','Feels premium and very durable. Highly recommend it.',4.6,'2025-04-01 21:52:16.658872',50),(477,'Zara N','Minimalist design, RGB flair — ticks all boxes.',4.7,'2025-04-01 21:52:22.903489',50),(478,'Rachit B','Wireless is flawless. No lag at all. Genuinely impressed.',5,'2025-04-01 21:55:35.403134',51),(479,'Tanvi K','Super sleek and professional. Looks great on my desk.',4.9,'2025-04-01 21:56:16.773369',51),(480,'Nitin P','Low-profile keys are amazing for fast-paced games and typing.',4.8,'2025-04-01 21:56:25.671694',51),(481,'Isha D','RGB is bright and tasteful. Love the G HUB customization.',5,'2025-04-01 21:56:35.329447',51),(482,'Kushal N','It’s expensive but worth every bit. Truly premium.',5,'2025-04-01 21:56:45.362089',51),(483,'Aayushi M','The battery lasts long and charges super fast.',4.9,'2025-04-01 21:56:54.516527',51),(484,'Farhan L','I game wirelessly now with zero compromises. Unreal tech.',5,'2025-04-01 21:57:08.802757',51),(485,'Zara F','The volume wheel is smooth and so satisfying to use.',4.8,'2025-04-01 21:57:20.567981',51),(486,'Harshit V','Best TKL board in this category. Sturdy and responsive.',4.9,'2025-04-01 21:57:29.827772',51),(487,'Sneha R','I use it for work and gaming. Light, wireless, beautiful.',5,'2025-04-01 21:57:53.148935',51),(488,'Karan D','The switches are buttery smooth and super quiet. Perfect for late-night gaming.',4.9,'2025-04-01 22:03:35.622977',53),(489,'Simran P','Build quality is top notch and RGB is vibrant as expected from Razer.',4.8,'2025-04-01 22:05:22.052946',53),(490,'Aarav S','Linear opticals are game changers — instant response and no debounce delay.',4.7,'2025-04-01 22:05:34.696367',53),(491,'Neha J','Wrist rest is plush and comfortable. My hands don’t feel strained at all.',4.6,'2025-04-01 22:05:42.646152',53),(492,'Ishaan R','It’s super quiet for a mechanical keyboard. Office-friendly too.',4.7,'2025-04-01 22:05:50.568510',53),(493,'Aisha M','Switched from a tactile keyboard and I’m never going back!',4.9,'2025-04-01 22:05:58.561790',53),(494,'Ritik B','Lighting is bright and customizable. Razer Synapse works flawlessly.',4.6,'2025-04-01 22:06:10.677629',53),(495,'Yamini V','Typing on this feels like gliding. Best linear board I’ve used.',4.8,'2025-04-01 22:06:21.063597',53),(496,'Manav G','Keys don’t wobble and it feels very premium. Highly recommended.',4.8,'2025-04-01 22:06:36.544187',53),(497,'Tanya L','Loving the minimalist design and detachable cable setup.',4.7,'2025-04-01 22:06:46.222215',53),(498,'Meera S','Build quality feels premium and the RGB is vibrant.',4.7,'2025-04-01 22:27:32.628845',54),(499,'Yash G','Great balance between gaming and productivity use.',4.6,'2025-04-01 22:27:42.379529',54),(500,'Ananya M','The palm rest is a nice touch — soft and helpful.',4.7,'2025-04-01 22:27:56.514086',54),(501,'Kabir D','Media wheel works great. Easy to control volume on the fly.',4.9,'2025-04-01 22:28:06.466058',54),(502,'Isha T','RGB lighting is customizable and syncs beautifully.',4.6,'2025-04-01 22:28:17.364676',54),(503,'Dev P','Very fast switches and great for FPS games.',4.8,'2025-04-01 22:28:27.098254',54),(504,'Nikita R','Looks amazing on my desk. Highly recommend this model.',4.9,'2025-04-01 22:28:36.896255',54),(505,'Rohan M','No input lag, even in fast-paced games. Solid buy.',4.8,'2025-04-01 22:28:46.145936',54),(506,'Simran J','Detachable wrist rest adds comfort. Build is rock solid.',4.7,'2025-04-01 22:28:54.913293',54),(507,'Ankur T','Adjustable actuation is a game changer. I set WASD to ultra-light and it\'s insane.',5,'2025-04-01 22:36:00.003356',55),(508,'Neha R','OLED screen is so useful for volume, Discord alerts, and more.',4.9,'2025-04-01 22:36:09.990979',55),(509,'Kunal M','The wrist rest is super comfy. Easily one of the best I’ve tried.',4.8,'2025-04-01 22:36:16.613853',55),(510,'Priya S','Build quality is top-tier and typing feels very smooth.',4.9,'2025-04-01 22:36:21.568574',55),(511,'Dev R','Love the RGB. The lighting is bright and fluid.',5,'2025-04-01 22:36:26.853485',55),(512,'Zoya F','I use the OLED screen to track CPU temp. So cool!',4.8,'2025-04-01 22:36:31.696928',55),(513,'Zoya F','I use the OLED screen to track CPU temp. So cool!',4.8,'2025-04-01 22:36:42.251064',55),(514,'Manish V','You really feel the quality in every keystroke.',5,'2025-04-01 22:36:51.225271',55),(515,'Sneha B','Very responsive and customizable. Highly recommend.',4.9,'2025-04-01 22:36:56.344078',55),(516,'Raghav K','The actuation setting per key gives you full control.',5,'2025-04-01 22:37:01.638069',55),(517,'Tanya M','I switched from Corsair and never going back. Apex Pro is elite.',5,'2025-04-01 22:37:08.408894',55),(518,'Soham R','Analog input feels like cheating in racing games — next level!',5,'2025-04-01 22:40:46.249085',56),(519,'Tanvi P','I use rapid trigger for Valorant and my reaction time is faster now.',4.9,'2025-04-01 22:40:52.219116',56),(520,'Arjun K','The actuation control is wild. I set movement to 1.5mm and fire keys to 0.3mm.',5,'2025-04-01 22:40:57.577132',56),(521,'Arjun K','The actuation control is wild. I set movement to 1.5mm and fire keys to 0.3mm.',5,'2025-04-01 22:41:02.282172',56),(522,'Rhea D','RGB and software are intuitive. Love the analog training tool too.',4.7,'2025-04-01 22:41:28.326389',56),(523,'Kunal B','Hot-swappable switches and solid build — checks all my boxes.',4.8,'2025-04-01 22:41:33.941744',56),(524,'Aman S','The rapid trigger changed my clutch play. Worth the premium.',5,'2025-04-01 22:41:39.635095',56),(525,'Neha T','Typing feels excellent too. Great balance of performance and comfort.',4.8,'2025-04-01 22:41:44.482334',56),(526,'Devika J','Analog + RGB + hot-swap = dream keyboard.',5,'2025-04-01 22:41:49.177121',56),(527,'Yash M','Perfect for both gaming and sim racing. Love it.',4.9,'2025-04-01 22:41:54.232200',56),(528,'Sneha I','Feels premium, works across all OS. Very happy with the buy.',4.8,'2025-04-01 22:41:59.798551',56),(529,'Harshit G','Games look buttery smooth at 170Hz. G-SYNC works flawlessly!',5,'2025-04-01 22:45:43.720599',57),(530,'Isha N','Colors are rich and accurate. Ideal for both gaming and photo editing.',4.8,'2025-04-01 22:45:48.935406',57),(531,'Arjun T','0.5ms response makes a huge difference in FPS games.',4.9,'2025-04-01 22:45:53.517611',57),(532,'Neeraj V','Sturdy stand and ergonomic adjustments are super helpful.',4.7,'2025-04-01 22:45:58.225125',57),(533,'Riya M','HDR400 makes the visuals pop. Great for immersive games.',4.8,'2025-04-01 22:46:02.814002',57),(534,'Manav J','Very bright and crisp. No dead pixels out of the box.',4.8,'2025-04-01 22:46:07.825846',57),(535,'Sneha K','Minimal bezels — looks clean in a dual-monitor setup.',4.9,'2025-04-01 22:46:12.626018',57),(536,'Dev R','Amazing performance for the price. Highly recommend for gamers.',5,'2025-04-01 22:46:17.331108',57),(537,'Karan S','Works great with my PS5 and PC. Smooth and responsive.',4.8,'2025-04-01 22:46:22.976197',57),(538,'Zara L','No screen tearing, and eye-care features are a bonus.',4.7,'2025-04-01 22:46:27.873542',57),(539,'Akhil M','The contrast and black levels on this OLED are unreal!',5,'2025-04-01 22:55:12.436296',58),(540,'Neha V','Ultra-smooth at 165Hz and colors are stunning. Perfect for creative work too.',5,'2025-04-01 22:55:19.323359',58),(541,'Karan D','Zero ghosting. QD-OLED tech is next-gen for sure.',4.9,'2025-04-01 22:55:24.718166',58),(542,'Priya T','Best ultrawide I’ve used — curved display is super immersive.',4.8,'2025-04-01 22:55:30.967614',58),(543,'Raj G','Worth every rupee. Insane performance and visuals.',5,'2025-04-01 22:55:36.062230',58),(544,'Sneha S','Great for gaming and even better for photo editing. Accurate and punchy colors.',4.9,'2025-04-01 22:55:41.083865',58),(545,'Dev R','AlienFX lighting is a cool touch. Looks beautiful on my desk.',4.8,'2025-04-01 22:55:46.880169',58),(546,'Manav J','The only monitor that made me switch from dual to ultrawide.',5,'2025-04-01 22:55:51.549966',58),(547,'Tanvi L','Top-tier OLED display with minimal input lag. Excellent buy.',5,'2025-04-01 22:55:57.045320',58),(548,'Zeeshan F','It’s pricey but there’s nothing else quite like it.',4.9,'2025-04-01 22:56:34.085298',58),(549,'Rajat N','240Hz feels buttery smooth. Huge difference in competitive FPS games.',5,'2025-04-01 22:59:08.913184',59),(550,'Sneha V','Color and sharpness are amazing for a TN panel. Great value!',4.7,'2025-04-01 22:59:13.150389',59),(551,'Aakash B','HDR support works well for brighter highlights. Perfect for gaming.',4.6,'2025-04-01 22:59:20.836021',59),(552,'Riya S','The RGB lighting on the back gives my setup a cool vibe.',4.8,'2025-04-01 22:59:30.911183',59),(553,'Karan M','Quick response, no ghosting. Worth it for the price.',5,'2025-04-01 22:59:35.320649',59),(554,'Deepika T','Easily one of the best monitors for high FPS gaming.',4.8,'2025-04-01 22:59:47.940811',59),(555,'Nitin J','Good adjustability and robust build. Love the stand.',4.7,'2025-04-01 22:59:57.638186',59),(556,'Tanvi R','Super responsive. Perfect for fast-paced multiplayer games.',4.9,'2025-04-01 23:00:03.430254',59),(557,'Harsh G','Everything I wanted in a QHD 240Hz display. Just awesome.',5,'2025-04-01 23:00:11.334710',59),(558,'Zara K','The clarity at QHD and speed at 240Hz is unmatched.',4.9,'2025-04-01 23:00:17.764195',59),(559,'Ishaan M','No nonsense. Fastest and cleanest motion I’ve seen. DyAc+ is magic.',5,'2025-04-01 23:03:44.610212',60),(560,'Ritika V','I use this for Valorant tournaments. Response and clarity are elite.',4.9,'2025-04-01 23:03:49.882439',60),(561,'Sahil R','Very durable and easy to adjust. Built for pros.',4.8,'2025-04-01 23:03:55.122389',60),(562,'Tanya S','Settings import is super helpful when switching PCs at events.',4.7,'2025-04-01 23:04:00.910855',60),(563,'Karan B','Best monitor for CS:GO. Hands down.',5,'2025-04-01 23:04:06.399252',60),(564,'Zoya F','Blazing fast and crisp. DyAc makes spray control so much clearer.',4.9,'2025-04-01 23:04:10.841205',60),(565,'Nikhil P','I like the smaller base. More space for my mousepad.',4.8,'2025-04-01 23:04:15.857223',60),(566,'Sneha K','The image is tuned for clarity, not vibrancy. But that’s perfect for esports.',4.7,'2025-04-01 23:04:22.207537',60),(567,'Ayaan T','Zowie is still king in competitive gaming.',5,'2025-04-01 23:04:28.026406',60),(568,'Mehul D','Everything about this monitor screams pro. Worth every rupee.',5,'2025-04-01 23:04:34.805988',60),(569,'Harsh A','Looks stunning and plays even better. 4K 144Hz is a dream.',5,'2025-04-01 23:08:52.560287',61),(570,'Meera T','Perfect for Xbox Series X — full HDMI 2.1 support at 120Hz.',4.8,'2025-04-01 23:08:57.372599',61),(571,'Siddharth K','Curved display is immersive, and picture quality is top-notch.',4.6,'2025-04-01 23:09:01.794250',61),(572,'Anjali N','KVM switch is a bonus I didn’t know I needed.',4.5,'2025-04-01 23:09:06.570799',61),(573,'Rohit M','HDR 400 looks decent, but don’t expect OLED-level pop.',4.2,'2025-04-01 23:09:10.659237',61),(574,'Tanisha D','Smooth performance in both FPS and open-world games.',4.7,'2025-04-01 23:09:16.608789',61),(575,'Kabir V','Build quality is solid, stand is adjustable and sturdy.',4.6,'2025-04-01 23:09:21.369016',61),(576,'Nikita B','Works perfectly with PS5 and my gaming PC. Zero complaints.',5,'2025-04-01 23:09:26.110283',61),(577,'Arjun C','Needed some tweaking out of the box, but now it’s flawless.',4.4,'2025-04-01 23:09:31.193291',61),(578,'Devika S','Image clarity and motion handling are truly elite at this price.',4.8,'2025-04-01 23:09:36.650690',61),(579,'Vikram R','Colors are stunning. Perfect for both gaming and photo work.',5,'2025-04-01 23:11:48.536732',62),(580,'Neha D','True 4K 144Hz is a game-changer for single-player experiences.',4.8,'2025-04-01 23:11:55.943271',62),(581,'Ankit M','Bright HDR and accurate tones make this stand out.',4.7,'2025-04-01 23:12:00.383281',62),(582,'Priya G','Handles G-SYNC smoothly. Great with my RTX 4080.',4.9,'2025-04-01 23:12:04.983685',62),(583,'Sameer J','IPS glow is there but not a dealbreaker. Great for 4K gaming.',4.4,'2025-04-01 23:12:11.058778',62),(584,'Sneha V','Design looks premium and RGB adds a nice touch.',4.6,'2025-04-01 23:12:15.607272',62),(585,'Aditya B','True HDR and crisp motion. Impressed.',4.8,'2025-04-01 23:12:21.023546',62),(586,'Rhea T','Playing Elden Ring in 4K HDR is a whole new experience.',5,'2025-04-01 23:12:25.540277',62),(587,'Kunal S','Wish it had HDMI 2.1 but still flawless via DisplayPort.',4.5,'2025-04-01 23:12:30.610834',62),(588,'Tanvi P','Worth every rupee for the clarity and smoothness.',4.9,'2025-04-01 23:12:36.417301',62),(589,'Rajiv M','Super smooth and vibrant. One of the best QHD monitors in this range.',5,'2025-04-01 23:15:17.387285',63),(590,'Simran P','170Hz overclock works great via DisplayPort. Zero ghosting.',4.8,'2025-04-01 23:15:22.604851',63),(591,'Anshul T','Quantum Dot panel is very close to my color grading monitor!',4.7,'2025-04-01 23:15:27.630125',63),(592,'Nikita R','Ergonomics are solid and it looks premium on the desk.',4.5,'2025-04-01 23:15:34.439819',63),(593,'Yash V','IPS quality with this speed is impressive. Great value.',4.6,'2025-04-01 23:15:39.081650',63),(594,'Tanya L','Perfect size and resolution balance for competitive games.',4.7,'2025-04-01 23:15:44.052274',63),(595,'Deepak N','Great upgrade from 1080p 60Hz. Game changer.',4.9,'2025-04-01 23:15:48.561532',63),(596,'Rhea M','Minimal backlight bleed. Overall excellent quality.',4.4,'2025-04-01 23:15:55.043925',63),(597,'Aryan S','Needed a bit of tweaking for best color, but worth it.',4.3,'2025-04-01 23:16:00.095597',63),(598,'Isha K','MSI nailed it with this one. Highly recommend.',5,'2025-04-01 23:16:14.149674',63),(599,'Karthik R','Smooth gameplay and sharp visuals. Great deal under 30k.',5,'2025-04-01 23:19:23.164102',64),(600,'Divya T','Fast response and vivid colors. Perfect for FPS gaming.',4.6,'2025-04-01 23:19:32.258189',64),(601,'Manav S','Solid monitor for both gaming and daily use.',4.5,'2025-04-01 23:19:37.532929',64),(602,'Sneha B','No dead pixels, no ghosting. Impressed.',4.8,'2025-04-01 23:19:43.185311',64),(603,'Arun J','I wish it had built-in speakers, but display is excellent.',4.3,'2025-04-01 23:19:48.625301',64),(604,'Fatima K','Ergonomic and crisp. Good for editing too.',4.7,'2025-04-01 23:19:55.798627',64),(605,'Yuvraj M','Used with my RTX 3060 — buttery smooth at 1440p.',4.6,'2025-04-01 23:20:00.427103',64),(606,'Priyanshi S','Vibrant and sharp with great clarity. Highly recommend.',4.9,'2025-04-01 23:20:04.848842',64),(607,'Rajat D','MSI delivers again. Clean UI and premium feel.',4.5,'2025-04-01 23:20:09.630205',64),(608,'Ishita V','Quick setup and clear OSD menu. Happy buyer.',4.7,'2025-04-01 23:20:14.427071',64),(609,'Sahil J','Hands down the best monitor I’ve ever used. 4K at 240Hz is unreal.',5,'2025-04-01 23:22:51.548019',65),(610,'Aaradhya M','HDR is so bright and punchy. Makes every game look cinematic.',5,'2025-04-01 23:22:57.448600',65),(611,'Pranav D','Perfect for both FPS and immersive single-player titles.',4.8,'2025-04-01 23:23:02.651484',65),(612,'Nikita G','Curvature is just right. Feels like you’re inside the game.',4.9,'2025-04-01 23:23:08.110324',65),(613,'Ravi P','Quantum Mini LED is a massive upgrade. Blacks are inky deep.',59,'2025-04-01 23:23:12.344621',65),(614,'Tanvi R','Gaming at 240Hz in 4K is an experience like no other.',4.8,'2025-04-01 23:23:19.720806',65),(615,'Rishabh K','Build quality is top tier. Looks like a spaceship setup.',4.9,'2025-04-01 23:23:26.856937',65),(616,'Shivani S','Not cheap, but absolutely worth every rupee if you want the best.',5,'2025-04-01 23:23:31.524327',65),(617,'Harsh V','Response time and clarity are unmatched. Competitive ready.',5,'2025-04-01 23:23:37.211407',65),(618,'Ayaan K','This is what next-gen gaming looks like. Samsung nailed it.',5,'2025-04-01 23:23:42.126581',65),(619,'Neeraj K','No lag, super responsive. SLIPSTREAM wireless is amazing.',5,'2025-04-01 23:27:10.182338',66),(620,'Sanya M','Qi charging is a game-changer. I just drop it on my pad after gaming.',4.9,'2025-04-01 23:27:15.447744',66),(621,'Kunal T','Very comfortable to grip and the battery life is solid.',4.6,'2025-04-01 23:27:19.821864',66),(622,'Divya R','RGB zones look great on my desk setup. Premium feel.',4.8,'2025-04-01 23:27:25.416786',66),(623,'Aditya G','Feels slightly heavy, but that adds to the premium build.',4.5,'2025-04-01 23:27:32.381614',66),(624,'Ritika S','Quick DPI toggle and profile switching are so useful.',4.7,'2025-04-01 23:27:36.847817',66),(625,'Varun P','No need for constant recharging. Easily lasts me a full week.',4.6,'2025-04-01 23:27:41.700880',66),(626,'Sneha V','Perfect for FPS gaming — smooth tracking and fast clicks.',5,'2025-04-01 23:27:47.632206',66),(627,'Manoj H','Love the wireless freedom. Build quality is top-notch.',4.7,'2025-04-01 23:27:53.611898',66),(628,'Isha T','Works well across Bluetooth, wired, and SLIPSTREAM without any issues.',4.8,'2025-04-01 23:27:58.920361',66),(629,'Tanishq S','Super light and fast. Made me a better aim in Valorant!',5,'2025-04-01 23:29:54.577311',67),(630,'Ria D','Cable feels wireless. Glide is smooth and responsive.',4.8,'2025-04-01 23:29:59.417487',67),(631,'Manan J','Perfect for claw grip. Build quality is surprisingly solid.',4.6,'2025-04-01 23:30:11.498772',67),(632,'Ishita V','No software needed unless you want macros. Just plug and go.',4.7,'2025-04-01 23:30:16.485165',67),(633,'Yash R','Great glide, great control, great looks. Buy it!',5,'2025-04-01 23:30:22.232161',67),(634,'Snehal M','Side buttons feel tactile and the RGB is clean.',4.6,'2025-04-01 23:30:26.688733',67),(635,'Anuj T','Lightweight and responsive, exactly what I needed.',4.7,'2025-04-01 23:30:32.462238',67),(636,'Meghna P','My first gaming mouse and I love it. Worth every rupee.',4.9,'2025-04-01 23:30:37.743178',67),(637,'Kartik L','Feet glide like butter. Would love wireless too!',4.4,'2025-04-01 23:30:42.792453',67),(638,'Deepika S','Light and smooth. Top-tier performer for FPS.',4.8,'2025-04-01 23:30:47.569329',67),(639,'Soham T','Super light and smooth. Perfect for Valorant and CS2.',5,'2025-04-01 23:33:01.221142',68),(640,'Anika R','Comfortable grip and great tracking. Love the build quality.',4.8,'2025-04-01 23:33:05.675379',68),(641,'Raghav S','Switches feel crisp and the mouse glides effortlessly.',4.7,'2025-04-01 23:33:10.798397',68),(642,'Isha D','HyperFlex cable really makes a difference. Feels almost wireless.',4.6,'2025-04-01 23:33:15.965945',68),(643,'Dev P','Lightweight yet solid. Amazing value at this price.',4.9,'2025-04-01 23:33:22.436668',68),(644,'Nisha K','Using it for competitive Overwatch — no complaints!',4.5,'2025-04-01 23:33:27.188311',68),(645,'Karan B','Small, fast, precise. Just what I wanted.',4.6,'2025-04-01 23:33:32.224983',68),(646,'Tanvi M','Lightweight champion. Great for long gaming sessions.',4.8,'2025-04-01 23:33:37.521981',68),(647,'Pratik C','Scroll wheel lighting looks nice. Functional and cool.',4.4,'2025-04-01 23:33:44.732691',68),(648,'Ritika V','Way better than I expected. Highly recommend!',5,'2025-04-01 23:33:49.951935',68),(649,'Arjun V','The king of FPS mice. Light, accurate, and insanely fast.',5,'2025-04-01 23:36:06.087408',69),(650,'Megha S','Feels like an extension of my hand. Perfect for Valorant.',5,'2025-04-01 23:36:18.974128',69),(651,'Kritika D','Battery lasts forever and never loses connection.',4.9,'2025-04-01 23:36:23.286412',69),(652,'Siddhant K','Worth every rupee. Best wireless mouse I’ve ever owned.',5,'2025-04-01 23:36:27.830501',69),(653,'Rhea G','Superlight and solid. No gimmicks, just raw performance.',4.8,'2025-04-01 23:36:32.478686',69),(654,'Devansh T','Switches feel crisp and glide is frictionless.',5,'2025-04-01 23:36:39.090746',69),(655,'Sneha J','No RGB, which I love. Keeps the focus on gameplay.',4.7,'2025-04-01 23:36:43.796400',69),(656,'Ankit L','Used by pros for a reason. It just works flawlessly.',5,'2025-04-01 23:36:48.339359',69),(657,'Zoya R','Lightweight but durable. Logitech nailed the design.',4.9,'2025-04-01 23:36:52.601579',69),(658,'Nishant M','Plug and play beast. HERO sensor is insane.',5,'2025-04-01 23:36:58.371590',69),(659,'Harshit P','Best budget gaming mouse. Super responsive and looks cool.',5,'2025-04-01 23:38:19.437320',70),(660,'Ritika S','RGB lighting is vibrant and customizable via G HUB.',4.6,'2025-04-01 23:38:24.148060',70),(661,'Vishal M','Perfect for beginners. Smooth tracking and clicky buttons.',4.5,'2025-04-01 23:38:29.961057',70),(662,'Sneha R','Love the classic shape. Very lightweight and easy to handle.',4.7,'2025-04-01 23:38:36.275408',70),(663,'Manav T','Great for casual FPS gaming. Zero lag.',4.4,'2025-04-01 23:38:42.579412',70),(664,'Ananya K','Reliable, sturdy, and gets the job done.',4.6,'2025-04-01 23:38:49.017628',70),(665,'Adarsh V','Plug and play. DPI switch is very handy.',4.5,'2025-04-01 23:38:53.695331',70),(666,'Tanvi D','Perfect shape and size for smaller hands.',4.6,'2025-04-01 23:38:59.217424',70),(667,'Krishna B','A must-have for any budget-conscious gamer.',5,'2025-04-01 23:39:14.692140',70),(668,'Isha M','Excellent mouse, unbeatable at this price point.',4.8,'2025-04-01 23:39:21.651930',70),(669,'Rohit A','The best G502 ever made. Flawless wireless and ultra-precise tracking.',5,'2025-04-01 23:40:52.135257',71),(670,'Priya V','LIGHTFORCE switches feel amazing — snappy and smooth.',4.9,'2025-04-01 23:40:57.501969',71),(671,'Armaan R','Battery lasts forever, RGB looks clean and premium.',5,'2025-04-01 23:41:02.252675',71),(672,'Tanisha L','Perfect combo of performance and comfort. Worth the upgrade.',4.8,'2025-04-01 23:41:06.504649',71),(673,'Nikhil S','Every button feels intentional. Great for editing + gaming.',5,'2025-04-01 23:41:10.875715',71),(674,'Zara M','Customizable DPI-shift button is a clutch feature.',4.7,'2025-04-01 23:41:15.317273',71),(675,'Devansh K','G502 legacy continues strong. Amazing build quality.',5,'2025-04-01 23:41:20.282089',71),(676,'Isha T','Love the feel and weight balance. Best mouse I’ve used.',4.9,'2025-04-01 23:41:26.544433',71),(677,'Tushar N','Easy to map macros. The RGB is just a bonus!',4.8,'2025-04-01 23:41:32.243468',71),(678,'Sanya R','No connectivity drop at all. Perfect for competitive play.',5,'2025-04-01 23:41:37.801017',71),(679,'Aarav K','Ridiculously light but feels solid. Perfect aim and control.',5,'2025-04-01 23:43:48.749440',72),(680,'Meera S','Battery life is insane. I charged once and played for a week straight.',4.9,'2025-04-01 23:43:53.946432',72),(681,'Raghav N','Shape fits my hand perfectly. No fatigue after hours of use.',5,'2025-04-01 23:43:58.602443',72),(682,'Tanvi V','Razer nailed it. No RGB, just pure performance.',4.8,'2025-04-01 23:44:03.813574',72),(683,'Yuvraj T','DeathAdder is back and better than ever. Goated mouse.',5,'2025-04-01 23:44:09.737520',72),(684,'Sneha D','HyperSpeed is buttery smooth. Zero lag in competitive matches.',4.9,'2025-04-01 23:44:14.464678',72),(685,'Karan J','Wireless freedom with pro-level performance. Love it.',5,'2025-04-01 23:44:21.845646',72),(686,'Zara M','Light, accurate, and comfortable. Exactly what I needed.',4.8,'2025-04-01 23:44:26.583916',72),(687,'Tanishq G','The best DeathAdder yet. Worth the price.',5,'2025-04-01 23:44:33.699190',72),(688,'Ishaan B','Ideal for competitive Valorant and CS2 — minimal weight, max control.',5,'2025-04-01 23:44:39.309829',72),(689,'Aditya R','Smooth, fast, and stylish. Roccat nailed the design and performance.',5,'2025-04-01 23:46:17.330308',73),(690,'Rhea N','Battery lasts super long and charges insanely fast.',4.9,'2025-04-01 23:46:23.001567',73),(691,'Pranav S','Titan clicks feel amazing. Zero debounce issues.',4.8,'2025-04-01 23:46:28.003901',73),(692,'Meera T','Love the dual wireless. I switch between PC and tablet easily.',4.7,'2025-04-01 23:46:33.414826',73),(693,'Siddharth V','RGB through the scroll wheel is a unique touch. Looks cool.',4.6,'2025-04-01 23:46:39.614956',73),(694,'Tanisha J','Ergonomic shape works great for my palm grip.',5,'2025-04-01 23:46:44.025835',73),(695,'Ishaan D','Feels premium in hand. Sensor is very accurate.',4.8,'2025-04-01 23:46:48.274993',73),(696,'Kritika L','PTFE feet glide effortlessly. Great for FPS titles.',4.7,'2025-04-01 23:46:52.827148',73),(697,'Nikhil B','Not the lightest, but super comfortable. Great all-rounder.',4.5,'2025-04-01 23:46:58.608616',73),(698,'Aanya S','One of the best wireless gaming mice I\'ve used. Highly recommend!',5,'2025-04-01 23:47:03.880268',73),(699,'Arnav R','All-in-one beast. Great for Apex, WoW, and everything in between.',5,'2025-04-01 23:48:48.359139',74),(700,'Simran D','Side button cluster is genius. I mapped all my Genshin actions to it.',4.8,'2025-04-01 23:48:52.836966',74),(701,'Dev T','Lightweight, stylish, and insanely customizable.',4.9,'2025-04-01 23:48:58.211431',74),(702,'Rhea B','Battery lasts longer than anything else I’ve used.',5,'2025-04-01 23:49:03.156472',74),(703,'Ishaan K','Perfect shape and ultra-smooth gliding on hard mats.',4.7,'2025-04-01 23:49:10.275484',74),(704,'Tanvi S','Great click feedback and smooth wireless experience.',4.8,'2025-04-01 23:49:14.947598',74),(705,'Yug M','9 buttons is a dream for MMOs and even design work.',4.9,'2025-04-01 23:49:18.882343',74),(706,'Neha L','Love the water resistance. No fear of coffee spills now!',5,'2025-04-01 23:49:24.593776',74),(707,'Sarthak N','RGB is gorgeous and not overdone. Battery backup is strong.',4.8,'2025-04-01 23:49:28.973179',74),(708,'Mehul A','SteelSeries did it right. Lightweight yet feature-packed.',5,'2025-04-01 23:49:35.150176',74),(709,'Arvind S','Best shape ever. No RGB, no software — just pure performance.',5,'2025-04-01 23:52:09.275148',75),(710,'Nikita G','Click latency is excellent. Great for low-sens aimers.',4.7,'2025-04-01 23:52:16.122533',75),(711,'Rahul T','Rock-solid tracking and super comfortable for long hours.',4.8,'2025-04-01 23:52:21.387101',75),(712,'Megha D','No distractions. Perfect for tournaments and LAN setups.',4.6,'2025-04-01 23:52:27.440310',75),(713,'Yash P','Underrated king for competitive shooters. Always reliable.',5,'2025-04-01 23:52:32.690516',75),(714,'Sneha R','Shape fits perfectly in my hand. Accurate and smooth.',4.8,'2025-04-01 23:52:37.927807',75),(715,'Kabir J','No RGB nonsense. Just plug in and dominate.',4.7,'2025-04-01 23:52:42.556490',75),(716,'Tanvi N','So comfortable and the buttons feel crisp and responsive.',4.6,'2025-04-01 23:52:47.092439',75),(717,'Ayaan M','Even after years, Zowie remains the FPS king.',5,'2025-04-01 23:52:52.232897',75),(718,'Ritika K','Used by so many pros for a reason. Highly recommended.',5,'2025-04-01 23:52:59.960573',75);
/*!40000 ALTER TABLE `gg_lootbox_review` ENABLE KEYS */;
UNLOCK TABLES;
/*!40103 SET TIME_ZONE=@OLD_TIME_ZONE */;

/*!40101 SET SQL_MODE=@OLD_SQL_MODE */;
/*!40014 SET FOREIGN_KEY_CHECKS=@OLD_FOREIGN_KEY_CHECKS */;
/*!40014 SET UNIQUE_CHECKS=@OLD_UNIQUE_CHECKS */;
/*!40101 SET CHARACTER_SET_CLIENT=@OLD_CHARACTER_SET_CLIENT */;
/*!40101 SET CHARACTER_SET_RESULTS=@OLD_CHARACTER_SET_RESULTS */;
/*!40101 SET COLLATION_CONNECTION=@OLD_COLLATION_CONNECTION */;
/*!40111 SET SQL_NOTES=@OLD_SQL_NOTES */;

-- Dump completed on 2025-04-03 18:07:10
